date,text,leg,skip,side,entry,sl,tp1,rungs,pnl_tp1,pnl_ladder,outcome_tp1,outcome_ladder,bias,verdict,score,rr_tp1,rr_ladder,mfe,mae
2026-06-08T08:23:57+00:00,"291 و 301 فروش
استاپ 311
تی پی 281 ، 71 ، 61 ، 51 ، 41",4291.0,,SELL,4291.0,4311.0,4281.0,5,-20.0,-20.0,sl,sl_full,,,,0.5,1.5,118.63,-72.29
2026-06-08T08:23:57+00:00,"291 و 301 فروش
استاپ 311
تی پی 281 ، 71 ، 61 ، 51 ، 41",4301.0,,SELL,4301.0,4311.0,4281.0,5,-10.0,-10.0,sl,sl_full,,,,0.5,1.5,128.63,-62.29
2026-06-08T11:06:20+00:00,"300 و 295 خرید
استاپ 290
تی پی 305 ، 10 ، 15 ، 20 ، 25",4300.0,,BUY,4300.0,4290.0,4305.0,5,-10.0,-10.0,sl,sl_full,,,,0.5,1.5,63.29,-144.19
2026-06-08T11:06:20+00:00,"300 و 295 خرید
استاپ 290
تی پی 305 ، 10 ، 15 ، 20 ، 25",4295.0,,BUY,4295.0,4290.0,4305.0,5,-5.0,-5.0,sl,sl_full,,,,0.5,1.5,68.29,-139.19
2026-06-08T14:23:57+00:00,"21 و 31 فروش 
استاپ 41
تی پی 11 ، 301 ، 291 ، 81 ، 71",4321.0,,SELL,4321.0,4341.0,4311.0,5,-20.0,-20.0,sl,sl_full,,,,0.5,1.5,190.6,-42.29
2026-06-08T14:23:57+00:00,"21 و 31 فروش 
استاپ 41
تی پی 11 ، 301 ، 291 ، 81 ، 71",4331.0,,SELL,4331.0,4341.0,4311.0,5,-10.0,-10.0,sl,sl_full,,,,0.5,1.5,200.6,-32.29
2026-06-09T07:33:45+00:00,"25 و 20 خرید 
استاپ 15
تی پی 30 ، 35 ، 40 ، 45 ، 50",4325.0,,BUY,4325.0,4315.0,4330.0,5,5.0,2.5,tp1,be,,,,0.5,1.5,38.29,-301.26
2026-06-09T07:33:45+00:00,"25 و 20 خرید 
استاپ 15
تی پی 30 ، 35 ، 40 ، 45 ، 50",4320.0,,BUY,4320.0,4315.0,4330.0,5,-5.0,-5.0,sl,sl_full,,,,0.5,1.5,8.88,-296.26
2026-06-09T08:07:14+00:00,"23 و 18 خرید 
استاپ 13
تی پی 28 ، 33 ، 38 ، 43 ، 48",4323.0,,BUY,4323.0,4313.0,4328.0,5,5.0,2.5,tp1,be,,,,0.5,1.5,40.29,-299.26
2026-06-09T08:07:14+00:00,"23 و 18 خرید 
استاپ 13
تی پی 28 ، 33 ، 38 ، 43 ، 48",4318.0,,BUY,4318.0,4313.0,4328.0,5,-5.0,-5.0,sl,sl_full,,,,0.5,1.5,5.71,-294.26
2026-06-09T10:19:39+00:00,"35 و 30 خرید
استاپ 25
تی پی 40 ، 45 ، 50 ، 55 ، 60",4335.0,,BUY,4335.0,4325.0,4340.0,5,-10.0,-10.0,sl,sl_full,,,,0.5,1.5,28.29,-311.26
2026-06-09T10:19:39+00:00,"35 و 30 خرید
استاپ 25
تی پی 40 ، 45 ، 50 ، 55 ، 60",4330.0,,BUY,4330.0,4325.0,4340.0,5,-5.0,-5.0,sl,sl_full,,,,0.5,1.5,33.29,-306.26
2026-06-09T14:07:35+00:00,"27 و 32 فروش
استاپ 37
تی پی 22 ، 17 ، 12 ، 7 ، 2",4327.0,,SELL,4327.0,4337.0,4322.0,5,-10.0,-10.0,sl,sl_full,,,,0.5,1.5,303.26,-36.29
2026-06-09T14:07:35+00:00,"27 و 32 فروش
استاپ 37
تی پی 22 ، 17 ، 12 ، 7 ، 2",4332.0,,SELL,4332.0,4337.0,4322.0,5,-5.0,-5.0,sl,sl_full,,,,0.5,1.5,308.26,-31.29
2026-06-09T14:30:18+00:00,"17 و 27 فروش 
استاپ 37
تی پی 307 ، 297 ، 87 ، 77 ، 67",4317.0,,SELL,4317.0,4337.0,4307.0,5,10.0,5.0,tp1,be,,,,0.5,1.5,293.26,-6.71
2026-06-09T14:30:18+00:00,"17 و 27 فروش 
استاپ 37
تی پی 307 ، 297 ، 87 ، 77 ، 67",4327.0,,SELL,4327.0,4337.0,4307.0,5,-10.0,-10.0,sl,sl_full,,,,0.5,1.5,303.26,-36.29
2026-06-10T08:44:24+00:00,"73 و 83 فروش
استاپ 93
تی پی 63 ، 53 ، 43 ، 33 ، 23",4173.0,,SELL,4173.0,4193.0,4163.0,5,10.0,5.0,tp1,be,,,,0.5,1.5,149.26,-73.35
2026-06-10T08:44:24+00:00,"73 و 83 فروش
استاپ 93
تی پی 63 ، 53 ، 43 ، 33 ، 23",4183.0,,SELL,4183.0,4193.0,4163.0,5,20.0,10.0,tp1,be,,,,0.5,1.5,159.26,-63.35
2026-06-10T12:24:26+00:00,"37 و 47 فروش
استاپ 57
تی پی 27 ، 17 ، 4107 ، 4097 ، 87",4237.0,,SELL,4237.0,4257.0,4227.0,5,10.0,5.0,tp1,be,,,,0.5,3.5,66.9,-9.35
2026-06-10T12:24:26+00:00,"37 و 47 فروش
استاپ 57
تی پی 27 ، 17 ، 4107 ، 4097 ، 87",4247.0,,SELL,4247.0,4257.0,4227.0,5,0.0,0.0,no_fill,no_fill,,,,0.5,3.5,0.0,0.0
2026-06-10T12:44:06+00:00,"53 و 43 خرید
استاپ 33
تی پی 63 ، 73 ، 83 ، 93 ، 203",4153.0,,BUY,4153.0,4133.0,4163.0,5,10.0,5.0,tp1,be,,,,0.5,1.5,93.35,-129.26
2026-06-10T12:44:06+00:00,"53 و 43 خرید
استاپ 33
تی پی 63 ، 73 ، 83 ، 93 ، 203",4243.0,,BUY,4243.0,4133.0,4163.0,5,-80.0,-40.0,tp1,be,,,,0.5,1.5,3.35,-72.9
2026-06-10T14:38:16+00:00,"55 و 45 خرید
استاپ 32
تی پی 65 ، 75 ، 85 ، 95 ، 205",4155.0,,BUY,4155.0,4132.0,4165.0,5,-23.0,-23.0,sl,sl_full,,,,0.43,1.3,91.35,-131.26
2026-06-10T14:38:16+00:00,"55 و 45 خرید
استاپ 32
تی پی 65 ، 75 ، 85 ، 95 ، 205",4145.0,,BUY,4145.0,4132.0,4165.0,5,-13.0,-13.0,sl,sl_full,,,,0.43,1.3,101.35,-121.26
2026-06-10T15:01:05+00:00,"27 و 37 فروش 
استاپ 47
تی پی 17 ، 7 ، 4097 ، 87 ، 77",4227.0,,SELL,4227.0,4247.0,4217.0,5,10.0,5.0,tp1,be,,,,0.5,2.5,56.9,-19.35
2026-06-10T15:01:05+00:00,"27 و 37 فروش 
استاپ 47
تی پی 17 ، 7 ، 4097 ، 87 ، 77",4237.0,,SELL,4237.0,4247.0,4217.0,5,20.0,40.0,tp1,final,,,,0.5,2.5,66.9,-9.35
2026-06-11T10:28:17+00:00,"93 و 103 فروش
استاپ 113
تی پی 83 ، 73 ، 63 ، 53 ، 43",4093.0,,SELL,4093.0,4113.0,4083.0,5,10.0,5.0,tp1,be,,,,0.5,1.5,39.93,-252.56
2026-06-11T10:28:17+00:00,"93 و 103 فروش
استاپ 113
تی پی 83 ، 73 ، 63 ، 53 ، 43",4103.0,,SELL,4103.0,4113.0,4083.0,5,20.0,10.0,tp1,be,,,,0.5,1.5,49.93,-242.56
2026-06-11T13:40:07+00:00,"71 و 76 فروش
استاپ 81
تی پی 66 ، 61 ، 56 ، 51 ، 46",4071.0,,SELL,4071.0,4081.0,4066.0,5,5.0,2.5,tp1,be,,,,0.5,1.5,17.93,-276.53
2026-06-11T13:40:07+00:00,"71 و 76 فروش
استاپ 81
تی پی 66 ، 61 ، 56 ، 51 ، 46",4076.0,,SELL,4076.0,4081.0,4066.0,5,-5.0,-5.0,sl,sl_full,,,,0.5,1.5,22.93,-271.53
2026-06-11T13:47:47+00:00,"87 و 77 خرید
استاپ 67
تی پی 97 ، 107 ، 117 ، 27 ، 37",4087.0,,BUY,4087.0,4067.0,4097.0,5,-20.0,-20.0,sl,sl_full,,,,0.5,1.5,260.53,-33.93
2026-06-11T13:47:47+00:00,"87 و 77 خرید
استاپ 67
تی پی 97 ، 107 ، 117 ، 27 ، 37",4077.0,,BUY,4077.0,4067.0,4097.0,5,-10.0,-10.0,sl,sl_full,,,,0.5,1.5,270.53,-23.93
2026-06-11T14:15:58+00:00,"66 و 76 فروش 
استاپ 86
تی پی 56 ، 46 ، 36 ، 26 ، 16",4066.0,,SELL,4066.0,4086.0,4056.0,5,-20.0,-20.0,sl,sl_full,,,,0.5,1.5,12.93,-287.81
2026-06-11T14:15:58+00:00,"66 و 76 فروش 
استاپ 86
تی پی 56 ، 46 ، 36 ، 26 ، 16",4076.0,,SELL,4076.0,4086.0,4056.0,5,-10.0,-10.0,sl,sl_full,,,,0.5,1.5,22.93,-277.81
2026-06-11T14:19:54+00:00,"66 و 76 فروش 
استاپ 86
تی پی 56 ، 46 ، 36 ، 26 ، 16",4066.0,,SELL,4066.0,4086.0,4056.0,5,-20.0,-20.0,sl,sl_full,,,,0.5,1.5,12.93,-287.81
2026-06-11T14:19:54+00:00,"66 و 76 فروش 
استاپ 86
تی پی 56 ، 46 ، 36 ، 26 ، 16",4076.0,,SELL,4076.0,4086.0,4056.0,5,-10.0,-10.0,sl,sl_full,,,,0.5,1.5,22.93,-277.81
2026-06-11T15:24:58+00:00,"78 و 88 فروش
استاپ 98
تی پی 68 ، 58 ، 48 ، 38 ، 28",4078.0,,SELL,4078.0,4098.0,4068.0,5,10.0,5.0,tp1,be,,,,0.5,1.5,24.93,-291.29
2026-06-11T15:24:58+00:00,"78 و 88 فروش
استاپ 98
تی پی 68 ، 58 ، 48 ، 38 ، 28",4088.0,,SELL,4088.0,4098.0,4068.0,5,20.0,10.0,tp1,be,,,,0.5,1.5,34.93,-281.29
2026-06-11T16:17:41+00:00,"101 و 111 فروش
استاپ 121
تی پی 91 ، 81 ، 71 ، 61 ، 51",4101.0,,SELL,4101.0,4121.0,4091.0,5,10.0,5.0,tp1,be,,,,0.5,1.5,29.07,-268.29
2026-06-11T16:17:41+00:00,"101 و 111 فروش
استاپ 121
تی پی 91 ، 81 ، 71 ، 61 ، 51",4111.0,,SELL,4111.0,4121.0,4091.0,5,-10.0,-10.0,sl,sl_full,,,,0.5,1.5,9.18,-258.29
2026-06-12T07:41:40+00:00,"80 و 75 خرید 
استاپ 70
تی پی 85 ، 90 ، 95 ، 200 ، 205",4180.0,,BUY,4180.0,4170.0,4185.0,5,5.0,2.5,tp1,be,,,,0.5,1.5,189.29,-9.9
2026-06-12T07:41:40+00:00,"80 و 75 خرید 
استاپ 70
تی پی 85 ، 90 ، 95 ، 200 ، 205",4175.0,,BUY,4175.0,4170.0,4185.0,5,10.0,5.0,tp1,be,,,,0.5,1.5,194.29,-4.9
2026-06-12T10:24:09+00:00,"14 و 19 فروش
استاپ 24
تی پی 9 ، 204 ، 199 ، 94 ، 89",4214.0,,SELL,4214.0,4224.0,4209.0,5,5.0,2.5,tp1,be,,,,0.5,1.5,36.83,-155.29
2026-06-12T10:24:09+00:00,"14 و 19 فروش
استاپ 24
تی پی 9 ، 204 ، 199 ، 94 ، 89",4219.0,,SELL,4219.0,4224.0,4209.0,5,10.0,5.0,tp1,be,,,,0.5,1.5,41.83,-150.29
2026-06-12T11:07:50+00:00,"8 و 13 فروش
استاپ 18
تی پی 203 ، 198 ، 93 ، 88 ، 83",4213.0,,SELL,4213.0,4218.0,4203.0,5,-5.0,-5.0,sl,sl_full,,,,2.0,4.0,35.83,-156.29
2026-06-12T11:07:50+00:00,"8 و 13 فروش
استاپ 18
تی پی 203 ، 198 ، 93 ، 88 ، 83",4208.0,,SELL,4208.0,4218.0,4203.0,5,-10.0,-10.0,sl,sl_full,,,,2.0,4.0,30.83,-161.29
2026-06-12T12:45:07+00:00,"90 و 80 خرید
استاپ 70
تی پی 200 ، 10 ، 20 ، 30 ، 40",4190.0,,BUY,4190.0,4170.0,4200.0,5,10.0,5.0,tp1,be,,,,0.5,1.5,179.29,-12.83
2026-06-12T12:45:07+00:00,"90 و 80 خرید
استاپ 70
تی پی 200 ، 10 ، 20 ، 30 ، 40",4180.0,,BUY,4180.0,4170.0,4200.0,5,20.0,10.0,tp1,be,,,,0.5,1.5,189.29,-2.83
2026-06-12T14:33:44+00:00,"82 و 77 خرید 
استاپ 72
تی پی 87 ، 92 ، 197 ، 202 ، 7",4182.0,,BUY,4182.0,4172.0,4187.0,5,5.0,2.5,tp1,be,,,,0.5,1.5,187.29,-4.83
2026-06-12T14:33:44+00:00,"82 و 77 خرید 
استاپ 72
تی پی 87 ، 92 ، 197 ، 202 ، 7",4177.0,,BUY,4177.0,4172.0,4187.0,5,0.0,0.0,no_fill,no_fill,,,,0.5,1.5,0.0,0.0
2026-06-15T08:21:51+00:00,"30 و 20 خرید 
استاپ 10
تی پی 40 ، 50 ، 60 ، 70 ، 80",4330.0,,BUY,4330.0,4310.0,4340.0,5,-20.0,-20.0,sl,sl_full,,,,0.5,1.5,39.29,-29.13
2026-06-15T08:21:51+00:00,"30 و 20 خرید 
استاپ 10
تی پی 40 ، 50 ، 60 ، 70 ، 80",4320.0,,BUY,4320.0,4310.0,4340.0,5,-10.0,-10.0,sl,sl_full,,,,0.5,1.5,49.29,-19.13
2026-06-15T11:48:42+00:00,"33 و 43 فروش
استاپ 53
تی پی 23 ، 13 ، 303 ، 293 ، 83",4333.0,,SELL,4333.0,4353.0,4323.0,5,-20.0,-20.0,sl,sl_full,,,,0.5,1.5,27.13,-36.29
2026-06-15T11:48:42+00:00,"33 و 43 فروش
استاپ 53
تی پی 23 ، 13 ، 303 ، 293 ، 83",4343.0,,SELL,4343.0,4353.0,4323.0,5,-10.0,-10.0,sl,sl_full,,,,0.5,1.5,37.13,-26.29
2026-06-15T13:17:26+00:00,"51 و 46 خرید
استاپ 41
تی پی 56 ، 61 ، 66 ، 71 ، 76",4351.0,,BUY,4351.0,4341.0,4356.0,5,5.0,2.5,tp1,be,,,,0.5,1.5,18.29,-45.13
2026-06-15T13:17:26+00:00,"51 و 46 خرید
استاپ 41
تی پی 56 ، 61 ، 66 ، 71 ، 76",4346.0,,BUY,4346.0,4341.0,4356.0,5,-5.0,-5.0,sl,sl_full,,,,0.5,1.5,23.29,-40.13
2026-06-15T15:25:08+00:00,"55 و 50 خرید 
استاپ 45
تی پی 60 ، 65 ، 70 ، 75 ، 80",4355.0,,BUY,4355.0,4345.0,4360.0,5,5.0,2.5,tp1,be,,,,0.5,1.5,14.29,-49.13
2026-06-15T15:25:08+00:00,"55 و 50 خرید 
استاپ 45
تی پی 60 ، 65 ، 70 ، 75 ، 80",4350.0,,BUY,4350.0,4345.0,4360.0,5,10.0,5.0,tp1,be,,,,0.5,1.5,19.29,-44.13
2026-06-16T08:29:31+00:00,"40 و 30 خرید
استاپ 20
تی پی 50 ، 60 ، 70 ، 80 ، 90",4340.0,,BUY,4340.0,4320.0,4350.0,5,10.0,5.0,tp1,be,,,,0.5,1.5,42.34,-121.03
2026-06-16T08:29:31+00:00,"40 و 30 خرید
استاپ 20
تی پی 50 ، 60 ، 70 ، 80 ، 90",4330.0,,BUY,4330.0,4320.0,4350.0,5,-10.0,-10.0,sl,sl_full,,,,0.5,1.5,52.34,-111.03
2026-06-16T09:45:31+00:00,"42 و 32 خرید 
استاپ 22
تی پی 52 ، 62 ، 72 ، 82 ، 92",4342.0,,BUY,4342.0,4322.0,4352.0,5,10.0,5.0,tp1,be,,,,0.5,1.5,40.34,-123.03
2026-06-16T09:45:31+00:00,"42 و 32 خرید 
استاپ 22
تی پی 52 ، 62 ، 72 ، 82 ، 92",4332.0,,BUY,4332.0,4322.0,4352.0,5,20.0,10.0,tp1,be,,,,0.5,1.5,50.34,-113.03
2026-06-16T11:58:41+00:00,"41 و 46 فروش 
استاپ 51
تی پی 36 ، 31 ، 26 ، 21 ، 16",4341.0,,SELL,4341.0,4351.0,4336.0,5,5.0,2.5,tp1,be,,,,0.5,1.5,122.03,-41.34
2026-06-16T11:58:41+00:00,"41 و 46 فروش 
استاپ 51
تی پی 36 ، 31 ، 26 ، 21 ، 16",4346.0,,SELL,4346.0,4351.0,4336.0,5,10.0,5.0,tp1,be,,,,0.5,1.5,127.03,-36.34
2026-06-16T13:05:32+00:00,"46 و 41 خرید
استاپ 36
تی پی 51 ، 56 ، 61 ، 66 ، 71",4346.0,,BUY,4346.0,4336.0,4351.0,5,-10.0,-10.0,sl,sl_full,,,,0.5,1.5,36.34,-127.03
2026-06-16T13:05:32+00:00,"46 و 41 خرید
استاپ 36
تی پی 51 ، 56 ، 61 ، 66 ، 71",4341.0,,BUY,4341.0,4336.0,4351.0,5,-5.0,-5.0,sl,sl_full,,,,0.5,1.5,41.34,-122.03
2026-06-16T14:17:09+00:00,"33 و 38 فروش
استاپ 43
تی پی 28 ، 23 ، 18 ، 13 ، 8",4333.0,,SELL,4333.0,4343.0,4328.0,5,5.0,2.5,tp1,be,,,,0.5,1.5,114.03,-49.34
2026-06-16T14:17:09+00:00,"33 و 38 فروش
استاپ 43
تی پی 28 ، 23 ، 18 ، 13 ، 8",4338.0,,SELL,4338.0,4343.0,4328.0,5,-5.0,-5.0,sl,sl_full,,,,0.5,1.5,119.03,-44.34
2026-06-16T14:18:06+00:00,"30 و 35 فروش
استاپ 40
تی پی 25 ، 20 ، 15 ، 10 ، 5",4330.0,,SELL,4330.0,4340.0,4325.0,5,5.0,2.5,tp1,be,,,,0.5,1.5,111.03,-52.34
2026-06-16T14:18:06+00:00,"30 و 35 فروش
استاپ 40
تی پی 25 ، 20 ، 15 ، 10 ، 5",4335.0,,SELL,4335.0,4340.0,4325.0,5,-5.0,-5.0,sl,sl_full,,,,0.5,1.5,116.03,-47.34
2026-06-16T14:30:08+00:00,"20 و 30 فروش
استاپ 40
تی پی 10 ، 300 ، 290 ، 80 ، 70",4320.0,,SELL,4320.0,4340.0,4310.0,5,-20.0,-20.0,sl,sl_full,,,,0.5,1.5,101.03,-62.34
2026-06-16T14:30:08+00:00,"20 و 30 فروش
استاپ 40
تی پی 10 ، 300 ، 290 ، 80 ، 70",4330.0,,SELL,4330.0,4340.0,4310.0,5,-10.0,-10.0,sl,sl_full,,,,0.5,1.5,111.03,-52.34
2026-06-16T14:37:00+00:00,"22 و 32 فروش 
استاپ 42
تی پی 12 ، 302 ، 292 ، 82 ، 72",4322.0,,SELL,4322.0,4342.0,4312.0,5,-20.0,-20.0,sl,sl_full,,,,0.5,1.5,103.03,-60.34
2026-06-16T14:37:00+00:00,"22 و 32 فروش 
استاپ 42
تی پی 12 ، 302 ، 292 ، 82 ، 72",4332.0,,SELL,4332.0,4342.0,4312.0,5,-10.0,-10.0,sl,sl_full,,,,0.5,1.5,113.03,-50.34
2026-06-16T16:01:02+00:00,"37 و 27 خرید 
استاپ 17
تی پی 47 ، 57 ، 67 ، 77 ، 87",4337.0,,BUY,4337.0,4317.0,4347.0,5,-20.0,-20.0,sl,sl_full,,,,0.5,1.5,45.34,-118.03
2026-06-16T16:01:02+00:00,"37 و 27 خرید 
استاپ 17
تی پی 47 ، 57 ، 67 ، 77 ، 87",4327.0,,BUY,4327.0,4317.0,4347.0,5,-10.0,-10.0,sl,sl_full,,,,0.5,1.5,55.34,-108.03
2026-06-17T07:22:00+00:00,"28 و 38 فروش 
استاپ 48
تی پی 18 ، 308 ، 298 ، 88 ، 78",4328.0,,SELL,4328.0,4348.0,4318.0,5,10.0,5.0,tp1,be,,,,0.5,1.5,206.31,-54.34
2026-06-17T07:22:00+00:00,"28 و 38 فروش 
استاپ 48
تی پی 18 ، 308 ، 298 ، 88 ، 78",4338.0,,SELL,4338.0,4348.0,4318.0,5,-10.0,-10.0,sl,sl_full,,,,0.5,1.5,216.31,-44.34
2026-06-17T09:36:34+00:00,"29 و 24 خرید
استاپ 19
تی پی 34 ، 39 ، 44 ، 49 ، 54",4329.0,,BUY,4329.0,4319.0,4334.0,5,-10.0,-10.0,sl,sl_full,,,,0.5,1.5,53.34,-207.31
2026-06-17T09:36:34+00:00,"29 و 24 خرید
استاپ 19
تی پی 34 ، 39 ، 44 ، 49 ، 54",4324.0,,BUY,4324.0,4319.0,4334.0,5,-5.0,-5.0,sl,sl_full,,,,0.5,1.5,58.34,-202.31
2026-06-17T12:01:07+00:00,"24 و 29 فروش 
استاپ 34
تی پی 19 ، 14 ، 9 ، 304 ، 299",4324.0,,SELL,4324.0,4334.0,4319.0,5,-10.0,-10.0,sl,sl_full,,,,0.5,1.5,202.31,-58.34
2026-06-17T12:01:07+00:00,"24 و 29 فروش 
استاپ 34
تی پی 19 ، 14 ، 9 ، 304 ، 299",4329.0,,SELL,4329.0,4334.0,4319.0,5,-5.0,-5.0,sl,sl_full,,,,0.5,1.5,207.31,-53.34
2026-06-17T13:05:41+00:00,"29 و 24 خرید 
استاپ 19
تی پی 34 ، 39 ، 44 ، 49 ، 54",4329.0,,BUY,4329.0,4319.0,4334.0,5,5.0,2.5,tp1,be,,,,0.5,1.5,53.34,-207.31
2026-06-17T13:05:41+00:00,"29 و 24 خرید 
استاپ 19
تی پی 34 ، 39 ، 44 ، 49 ، 54",4324.0,,BUY,4324.0,4319.0,4334.0,5,10.0,20.0,tp1,final,,,,0.5,1.5,58.34,-202.31
2026-06-17T14:25:06+00:00,"55 و 45 خرید
استاپ 35
تی پی 65 ، 75 ، 85 ، 395 ، 405",4355.0,,BUY,4355.0,4335.0,4365.0,5,-20.0,-20.0,sl,sl_full,,,,0.5,1.5,27.34,-233.31
2026-06-17T14:25:06+00:00,"55 و 45 خرید
استاپ 35
تی پی 65 ، 75 ، 85 ، 395 ، 405",4345.0,,BUY,4345.0,4335.0,4365.0,5,-10.0,-10.0,sl,sl_full,,,,0.5,1.5,37.34,-223.31
2026-06-17T14:52:18+00:00,"48 و 38 خرید 
استاپ 28
تی پی 58 ، 68 ، 78 ، 88 ، 98",4348.0,,BUY,4348.0,4328.0,4358.0,5,10.0,5.0,tp1,be,,,,0.5,1.5,34.34,-226.31
2026-06-17T14:52:18+00:00,"48 و 38 خرید 
استاپ 28
تی پی 58 ، 68 ، 78 ، 88 ، 98",4338.0,,BUY,4338.0,4328.0,4358.0,5,20.0,10.0,tp1,be,,,,0.5,1.5,44.34,-216.31
2026-06-18T08:48:38+00:00,"79 و 84 فروش
استاپ 89
تی پ 74 ، 69 ، 64 ، 59 ، 54",4279.0,,SELL,4279.0,4289.0,0,0,0.0,0.0,open,no_tp,,,,0.0,0.0,157.31,-2.8
2026-06-18T08:48:38+00:00,"79 و 84 فروش
استاپ 89
تی پ 74 ، 69 ، 64 ، 59 ، 54",4284.0,,SELL,4284.0,4289.0,0,0,-5.0,0.0,sl,no_tp,,,,0.0,0.0,162.31,-5.84
2026-06-18T11:08:16+00:00,"50 و 60 فروش
استاپ 70
تی پی 40 ، 30 ، 20 ، 10 ، 200",4250.0,,SELL,4250.0,4270.0,4240.0,5,10.0,5.0,tp1,be,,,,0.5,1.5,128.31,-26.71
2026-06-18T11:08:16+00:00,"50 و 60 فروش
استاپ 70
تی پی 40 ، 30 ، 20 ، 10 ، 200",4260.0,,SELL,4260.0,4270.0,4240.0,5,-10.0,-10.0,sl,sl_full,,,,0.5,1.5,138.31,-16.71
2026-06-18T11:58:33+00:00,"42 و 47 فروش 
استاپ 52
تی پی 37 ، 32 ، 27 ، 22 ، 17",4242.0,,SELL,4242.0,4252.0,4237.0,5,-10.0,-10.0,sl,sl_full,,,,0.5,1.5,120.31,-34.71
2026-06-18T11:58:33+00:00,"42 و 47 فروش 
استاپ 52
تی پی 37 ، 32 ، 27 ، 22 ، 17",4247.0,,SELL,4247.0,4252.0,4237.0,5,-5.0,-5.0,sl,sl_full,,,,0.5,1.5,125.31,-29.71
2026-06-18T12:15:06+00:00,"55 و 45 خرید 
استاپ 35
تی پی 65 ، 75 ، 85 ، 295 ، 305",4255.0,,BUY,4255.0,4235.0,4265.0,5,10.0,5.0,tp1,be,,,,0.5,1.5,21.71,-133.31
2026-06-18T12:15:06+00:00,"55 و 45 خرید 
استاپ 35
تی پی 65 ، 75 ، 85 ، 295 ، 305",4245.0,,BUY,4245.0,4235.0,4265.0,5,20.0,10.0,tp1,be,,,,0.5,1.5,31.71,-123.31
2026-06-18T13:23:21+00:00,"55 و 65 فروش 
استاپ 75
تی پی 45 ، 35 ، 25 ، 15 ، 5",4255.0,,SELL,4255.0,4275.0,4245.0,5,10.0,5.0,tp1,be,,,,0.5,1.5,133.31,-21.71
2026-06-18T13:23:21+00:00,"55 و 65 فروش 
استاپ 75
تی پی 45 ، 35 ، 25 ، 15 ، 5",4265.0,,SELL,4265.0,4275.0,4245.0,5,20.0,10.0,tp1,be,,,,0.5,1.5,143.31,-11.71
2026-06-18T13:34:21+00:00,"70 و 60 خرید
استاپ 50
تی پی 80 ، 90 ، 300 ، 10 ، 20",4270.0,,BUY,4270.0,4250.0,4280.0,5,-20.0,-20.0,sl,sl_full,,,,0.5,1.5,6.71,-148.31
2026-06-18T13:34:21+00:00,"70 و 60 خرید
استاپ 50
تی پی 80 ، 90 ، 300 ، 10 ، 20",4260.0,,BUY,4260.0,4250.0,4280.0,5,-10.0,-10.0,sl,sl_full,,,,0.5,1.5,16.71,-138.31
2026-06-18T14:04:23+00:00,"44 و 54 فروش
استاپ 64
تی پی 34 ، 24 ، 14 ، 204 ، 194",4244.0,,SELL,4244.0,4264.0,4234.0,5,-20.0,-20.0,sl,sl_full,,,,0.5,1.5,122.31,-32.71
2026-06-18T14:04:23+00:00,"44 و 54 فروش
استاپ 64
تی پی 34 ، 24 ، 14 ، 204 ، 194",4254.0,,SELL,4254.0,4264.0,4234.0,5,-10.0,-10.0,sl,sl_full,,,,0.5,1.5,132.31,-22.71
2026-06-18T14:57:05+00:00,"50 و 60 فروش 
استاپ 70
تی پی 40 ، 30 ، 20 ، 10 ، 200",4250.0,,SELL,4250.0,4270.0,4240.0,5,-20.0,-20.0,sl,sl_full,,,,0.5,1.5,128.31,-26.71
2026-06-18T14:57:05+00:00,"50 و 60 فروش 
استاپ 70
تی پی 40 ، 30 ، 20 ، 10 ، 200",4260.0,,SELL,4260.0,4270.0,4240.0,5,-10.0,-10.0,sl,sl_full,,,,0.5,1.5,138.31,-16.71
2026-06-19T08:58:03+00:00,"69 و 74 فروش
استاپ 79
تی پی 64 ، 59 ، 54 ، 49 ، 44",4169.0,,SELL,4169.0,4179.0,4164.0,5,5.0,15.0,tp1,final,,,,0.5,1.5,78.1,-51.96
2026-06-19T08:58:03+00:00,"69 و 74 فروش
استاپ 79
تی پی 64 ، 59 ، 54 ، 49 ، 44",4174.0,,SELL,4174.0,4179.0,4164.0,5,10.0,20.0,tp1,final,,,,0.5,1.5,83.1,-46.96
2026-06-19T11:41:48+00:00,"50 و 45 خرید
استاپ 40
تی پی 55 ، 60 ، 65 ، 70 ، 75",4150.0,,BUY,4150.0,4140.0,4155.0,5,5.0,2.5,tp1,be,,,,0.5,1.5,70.96,-59.1
2026-06-19T11:41:48+00:00,"50 و 45 خرید
استاپ 40
تی پی 55 ، 60 ، 65 ، 70 ، 75",4145.0,,BUY,4145.0,4140.0,4155.0,5,10.0,20.0,tp1,final,,,,0.5,1.5,75.96,-54.1
2026-06-19T13:12:37+00:00,"70 و 60 خرید 
استاپ 50
تی پی 80 ، 90 ، 200 ، 10 ، 20",4170.0,,BUY,4170.0,4150.0,4180.0,5,-20.0,-20.0,sl,sl_full,,,,0.5,1.5,50.96,-79.1
2026-06-19T13:12:37+00:00,"70 و 60 خرید 
استاپ 50
تی پی 80 ، 90 ، 200 ، 10 ، 20",4160.0,,BUY,4160.0,4150.0,4180.0,5,-10.0,-10.0,sl,sl_full,,,,0.5,1.5,60.96,-69.1
2026-06-19T14:24:39+00:00,"44 و 54 فروش
استاپ 64
تی پی 34 ، 24 ، 14 ، 4 ، 100",4144.0,,SELL,4144.0,4164.0,4134.0,5,-20.0,-20.0,sl,sl_full,,,,0.5,1.44,53.1,-76.96
2026-06-19T14:24:39+00:00,"44 و 54 فروش
استاپ 64
تی پی 34 ، 24 ، 14 ، 4 ، 100",4154.0,,SELL,4154.0,4164.0,4134.0,5,-10.0,-10.0,sl,sl_full,,,,0.5,1.44,63.1,-66.96
2026-06-19T15:20:58+00:00,"54 و 64 فروش
استاپ 74
تی پی 44 ، 34 ، 24 ، 14 ، 4",4154.0,,SELL,4154.0,4174.0,4144.0,5,-20.0,-20.0,sl,sl_full,,,,0.5,1.5,63.1,-66.96
2026-06-19T15:20:58+00:00,"54 و 64 فروش
استاپ 74
تی پی 44 ، 34 ، 24 ، 14 ، 4",4164.0,,SELL,4164.0,4174.0,4144.0,5,-10.0,-10.0,sl,sl_full,,,,0.5,1.5,73.1,-56.96
2026-06-22T07:27:28+00:00,"90 و 80 خرید 
استاپ 70
تی پی 200 ، 10 ، 20 ، 30 ، 40",4190.0,,BUY,4190.0,4170.0,4200.0,5,10.0,5.0,tp1,be,,,,0.5,1.5,25.37,-139.62
2026-06-22T07:27:28+00:00,"90 و 80 خرید 
استاپ 70
تی پی 200 ، 10 ، 20 ، 30 ، 40",4180.0,,BUY,4180.0,4170.0,4200.0,5,20.0,10.0,tp1,be,,,,0.5,1.5,35.37,-129.62
2026-06-22T09:28:42+00:00,"203 و 193 خرید
استاپ 183
تی پی 213 ، 23 ، 33 ، 43 ، 53",4203.0,,BUY,4203.0,4183.0,4213.0,5,10.0,5.0,tp1,be,,,,0.5,1.5,12.37,-152.62
2026-06-22T09:28:42+00:00,"203 و 193 خرید
استاپ 183
تی پی 213 ، 23 ، 33 ، 43 ، 53",4193.0,,BUY,4193.0,4183.0,4213.0,5,20.0,10.0,tp1,be,,,,0.5,1.5,22.37,-142.62
2026-06-22T13:27:34+00:00,"89 و 79 خرید
استاپ 69
تی پی 199 ، 209 ، 19 ، 29 ، 39",4189.0,,BUY,4189.0,4169.0,4199.0,5,10.0,5.0,tp1,be,,,,0.5,1.5,21.88,-183.26
2026-06-22T13:27:34+00:00,"89 و 79 خرید
استاپ 69
تی پی 199 ، 209 ، 19 ، 29 ، 39",4179.0,,BUY,4179.0,4169.0,4199.0,5,-10.0,-10.0,sl,sl_full,,,,0.5,1.5,19.45,-173.26
2026-06-22T15:52:07+00:00,"78 و 88 فروش
استاپ 98
تی پی 68 ، 58 ، 48 ، 38 ، 28",4178.0,,SELL,4178.0,4198.0,4168.0,5,-20.0,-20.0,sl,sl_full,,,,0.5,1.5,213.42,-20.45
2026-06-22T15:52:07+00:00,"78 و 88 فروش
استاپ 98
تی پی 68 ، 58 ، 48 ، 38 ، 28",4188.0,,SELL,4188.0,4198.0,4168.0,5,-10.0,-10.0,sl,sl_full,,,,0.5,1.5,223.42,-22.88
2026-06-23T08:37:05+00:00,"105 و 115 فروش
استاپ 125
تی پی 95 ، 85 ، 75 ، 65 ، 55",4105.0,,SELL,4105.0,4125.0,4095.0,5,10.0,5.0,tp1,be,,,,0.5,1.5,146.04,-39.99
2026-06-23T08:37:05+00:00,"105 و 115 فروش
استاپ 125
تی پی 95 ، 85 ، 75 ، 65 ، 55",4115.0,,SELL,4115.0,4125.0,4095.0,5,-10.0,-10.0,sl,sl_full,,,,0.5,1.5,156.04,-29.99
2026-06-23T10:03:31+00:00,"30 و 20 خرید
استاپ 10
تی پی 40 ، 50 ، 60 ، 70 ، 80",4130.0,,BUY,4130.0,4110.0,4140.0,5,-20.0,-20.0,sl,sl_full,,,,0.5,1.5,14.99,-171.04
2026-06-23T10:03:31+00:00,"30 و 20 خرید
استاپ 10
تی پی 40 ، 50 ، 60 ، 70 ، 80",4120.0,,BUY,4120.0,4110.0,4140.0,5,-10.0,-10.0,sl,sl_full,,,,0.5,1.5,24.99,-161.04
2026-06-23T12:02:04+00:00,"26 و 21 خرید
استاپ 16
تی پی 31 ، 36 ، 41 ، 46 ، 51",4126.0,,BUY,4126.0,4116.0,4131.0,5,5.0,2.5,tp1,be,,,,0.5,1.5,18.99,-167.04
2026-06-23T12:02:04+00:00,"26 و 21 خرید
استاپ 16
تی پی 31 ، 36 ، 41 ، 46 ، 51",4121.0,,BUY,4121.0,4116.0,4131.0,5,-5.0,-5.0,sl,sl_full,,,,0.5,1.5,23.99,-162.04
2026-06-23T12:20:51+00:00,"17 و 22 فروش
استاپ 27
تی پی 12 ، 7 ، 102 ، 97 ، 92",4117.0,,SELL,4117.0,4127.0,4112.0,5,-10.0,-10.0,sl,sl_full,,,,0.5,1.5,158.04,-27.99
2026-06-23T12:20:51+00:00,"17 و 22 فروش
استاپ 27
تی پی 12 ، 7 ، 102 ، 97 ، 92",4122.0,,SELL,4122.0,4127.0,4112.0,5,-5.0,-5.0,sl,sl_full,,,,0.5,1.5,163.04,-22.99
2026-06-23T13:40:06+00:00,"119 و 109 خرید
استاپ 99
تی پی 129 ، 39 ، 49 ، 59 ، 69",4119.0,,BUY,4119.0,4099.0,4129.0,5,10.0,5.0,tp1,be,,,,0.5,1.5,25.99,-160.04
2026-06-23T13:40:06+00:00,"119 و 109 خرید
استاپ 99
تی پی 129 ، 39 ، 49 ، 59 ، 69",4109.0,,BUY,4109.0,4099.0,4129.0,5,20.0,10.0,tp1,be,,,,0.5,1.5,35.99,-150.04
2026-06-23T14:26:34+00:00,"32 و 22 خرید 
استاپ 12
تی پی 42 ، 52 ، 62 ، 72 ، 82",4132.0,,BUY,4132.0,4112.0,4142.0,5,10.0,5.0,tp1,be,,,,0.5,1.5,12.99,-173.04
2026-06-23T14:26:34+00:00,"32 و 22 خرید 
استاپ 12
تی پی 42 ، 52 ، 62 ، 72 ، 82",4122.0,,BUY,4122.0,4112.0,4142.0,5,-10.0,-10.0,sl,sl_full,,,,0.5,1.5,22.99,-163.04
2026-06-24T09:10:26+00:00,"72 و 82 فروش
استاپ 92
تی پی 62 ، 52 ، 42 ، 32 ، 22",4072.0,,SELL,4072.0,4092.0,4062.0,5,10.0,30.0,tp1,final,,,,0.5,1.5,113.04,-7.15
2026-06-24T09:10:26+00:00,"72 و 82 فروش
استاپ 92
تی پی 62 ، 52 ، 42 ، 32 ، 22",4082.0,,SELL,4082.0,4092.0,4062.0,5,20.0,40.0,tp1,final,,,,0.5,1.5,123.04,-5.64
2026-06-24T12:56:33+00:00,"4000 و 4010 فروش
استاپ 4020
تی پی 3990 ، 80 ، 70 ، 60 ، 50",4000.0,,SELL,4000.0,4020.0,3990.0,5,10.0,5.0,tp1,be,,,,0.5,1.5,41.04,-55.67
2026-06-24T12:56:33+00:00,"4000 و 4010 فروش
استاپ 4020
تی پی 3990 ، 80 ، 70 ، 60 ، 50",4010.0,,SELL,4010.0,4020.0,3990.0,5,-10.0,-10.0,sl,sl_full,,,,0.5,1.5,51.04,-45.67
2026-06-25T08:42:51+00:00,"4000 و 4010 فروش
استاپ 4020
تی پی 3090 ، 80 ، 70 ، 60 ، 50",4000.0,,SELL,4000.0,4020.0,3090.0,5,-20.0,-20.0,sl,sl_full,,,,45.5,10.5,26.29,-96.19
2026-06-25T08:42:51+00:00,"4000 و 4010 فروش
استاپ 4020
تی پی 3090 ، 80 ، 70 ، 60 ، 50",4010.0,,SELL,4010.0,4020.0,3090.0,5,-10.0,-10.0,sl,sl_full,,,,45.5,10.5,26.9,-86.19
2026-06-25T12:47:26+00:00,"4009 و 3999 خرید
استاپ 3989
تی پی 4019 ، 29 ، 39 ، 49 ، 59",4009.0,,BUY,4009.0,3989.0,4019.0,5,-20.0,-20.0,sl,sl_full,,,,0.5,1.5,87.19,-25.9
2026-06-25T12:47:26+00:00,"4009 و 3999 خرید
استاپ 3989
تی پی 4019 ، 29 ، 39 ، 49 ، 59",3999.0,,BUY,3999.0,3989.0,4019.0,5,-10.0,-10.0,sl,sl_full,,,,0.5,1.5,97.19,-15.9
2026-06-25T15:28:07+00:00,"30 و 20 خرید 
استاپ 10
تی پی 40 ، 50 ، 60 ، 70 ، 80",4030.0,,BUY,4030.0,4010.0,4040.0,5,-20.0,-20.0,sl,sl_full,,,,0.5,1.5,66.19,-46.9
2026-06-25T15:28:07+00:00,"30 و 20 خرید 
استاپ 10
تی پی 40 ، 50 ، 60 ، 70 ، 80",4020.0,,BUY,4020.0,4010.0,4040.0,5,-10.0,-10.0,sl,sl_full,,,,0.5,1.5,76.19,-36.9
2026-06-26T09:27:02+00:00,"50 و 40 خرید
استاپ 30
تی پی 60 ، 70 ، 80 ، 90 ، 100",4050.0,,BUY,4050.0,4030.0,4060.0,5,10.0,5.0,tp1,be,,,,0.5,1.5,46.19,-107.63
2026-06-26T09:27:02+00:00,"50 و 40 خرید
استاپ 30
تی پی 60 ، 70 ، 80 ، 90 ، 100",4040.0,,BUY,4040.0,4030.0,4060.0,5,20.0,10.0,tp1,be,,,,0.5,1.5,56.19,-97.63
2026-06-26T12:12:37+00:00,"48 و 38 خرید 
استاپ 28
تی پی 58 ، 68 ، 78 ، 88 ، 98",4048.0,,BUY,4048.0,4028.0,4058.0,5,10.0,5.0,tp1,be,,,,0.5,1.5,48.19,-105.63
2026-06-26T12:12:37+00:00,"48 و 38 خرید 
استاپ 28
تی پی 58 ، 68 ، 78 ، 88 ، 98",4038.0,,BUY,4038.0,4028.0,4058.0,5,20.0,10.0,tp1,be,,,,0.5,1.5,58.19,-95.63
2026-06-26T13:02:33+00:00,"57 و 47 خرید
استاپ 37
تی پی 67 ، 77 ، 87 ، 97 ، 107",4057.0,,BUY,4057.0,4037.0,4067.0,5,10.0,5.0,tp1,be,,,,0.5,1.5,39.19,-114.63
2026-06-26T13:02:33+00:00,"57 و 47 خرید
استاپ 37
تی پی 67 ، 77 ، 87 ، 97 ، 107",4047.0,,BUY,4047.0,4037.0,4067.0,5,-10.0,-10.0,sl,sl_full,,,,0.5,1.5,49.19,-104.63
2026-06-26T14:36:37+00:00,"75 و 65 خرید 
استاپ 55
تی پی 85 ، 95 ، 105 ، 15 ، 25",3975.0,,BUY,3975.0,3955.0,3985.0,5,-20.0,-20.0,sl,sl_full,,,,0.5,2.5,62.86,-32.63
2026-06-26T14:36:37+00:00,"75 و 65 خرید 
استاپ 55
تی پی 85 ، 95 ، 105 ، 15 ، 25",4065.0,,BUY,4065.0,3955.0,3985.0,5,-80.0,-40.0,tp1,be,,,,0.5,2.5,31.19,-122.63
2026-06-26T14:55:08+00:00,"89 و 79 خرید 
استاپ 69
تی پی 99 ، 109 ، 19 ، 29 ، 39",3989.0,,BUY,3989.0,3969.0,3999.0,5,-20.0,-20.0,sl,sl_full,,,,0.5,2.5,48.86,-46.63
2026-06-26T14:55:08+00:00,"89 و 79 خرید 
استاپ 69
تی پی 99 ، 109 ، 19 ، 29 ، 39",3979.0,,BUY,3979.0,3969.0,3999.0,5,-10.0,-10.0,sl,sl_full,,,,0.5,2.5,58.86,-36.63
2026-06-29T05:59:52+00:00,"📌 انس طلا
55 و 65 فروش 
استاپ 75
تی پی 45 ، 35 ، 25 ، 15 ، 5",4055.0,,SELL,4055.0,4075.0,4045.0,5,10.0,5.0,tp1,be,,,,0.5,1.5,112.63,-13.54
2026-06-29T05:59:52+00:00,"📌 انس طلا
55 و 65 فروش 
استاپ 75
تی پی 45 ، 35 ، 25 ، 15 ، 5",4065.0,,SELL,4065.0,4075.0,4045.0,5,20.0,10.0,tp1,be,,,,0.5,1.5,122.63,-3.54
2026-06-29T07:01:53+00:00,"📌 انس طلا
60 و 70 فروش
استاپ 80
تی پی 50 ، 40 ، 30 ، 20 ، 10",4060.0,,SELL,4060.0,4080.0,4050.0,5,10.0,5.0,tp1,be,,,,0.5,1.5,117.63,-8.54
2026-06-29T07:01:53+00:00,"📌 انس طلا
60 و 70 فروش
استاپ 80
تی پی 50 ، 40 ، 30 ، 20 ، 10",4070.0,,SELL,4070.0,4080.0,4050.0,5,0.0,0.0,no_fill,no_fill,,,,0.5,1.5,0.0,0.0
2026-06-29T09:19:16+00:00,"51 و 61 فروش 
استاپ 71
تی پی 41 ، 31 ، 21 ، 11 ، 1",4051.0,,SELL,4051.0,4071.0,4041.0,5,10.0,5.0,tp1,be,,,,0.5,1.5,108.63,-12.37
2026-06-29T09:19:16+00:00,"51 و 61 فروش 
استاپ 71
تی پی 41 ، 31 ، 21 ، 11 ، 1",4061.0,,SELL,4061.0,4071.0,4041.0,5,20.0,40.0,tp1,final,,,,0.5,1.5,118.63,-7.54
2026-06-29T12:41:03+00:00,"48 و 58 فروش
استاپ 68
تی پی 38 ، 28 ، 18 ، 4008 ، 3998",4048.0,,SELL,4048.0,4068.0,4038.0,5,10.0,5.0,tp1,be,,,,0.5,1.5,105.63,-15.37
2026-06-29T12:41:03+00:00,"48 و 58 فروش
استاپ 68
تی پی 38 ، 28 ، 18 ، 4008 ، 3998",4058.0,,SELL,4058.0,4068.0,4038.0,5,20.0,40.0,tp1,final,,,,0.5,1.5,97.82,-5.37
2026-06-29T14:42:13+00:00,"21 و 11 خرید 
استاپ 1
تی پی 31 ، 41 ، 51 ، 61 ، 71",4021.0,,BUY,4021.0,4001.0,4031.0,5,-20.0,-20.0,sl,sl_full,,,,0.5,1.5,79.36,-78.63
2026-06-29T14:42:13+00:00,"21 و 11 خرید 
استاپ 1
تی پی 31 ، 41 ، 51 ، 61 ، 71",4011.0,,BUY,4011.0,4001.0,4031.0,5,-10.0,-10.0,sl,sl_full,,,,0.5,1.5,89.36,-68.63
2026-06-30T08:06:11+00:00,"34 و 29 خرید 
استاپ 24
تی پی 39 ، 44 ، 49 ، 54 ، 59",4034.0,,BUY,4034.0,4024.0,4039.0,5,-10.0,-10.0,sl,sl_full,,,,0.5,1.5,81.73,-73.82
2026-06-30T08:06:11+00:00,"34 و 29 خرید 
استاپ 24
تی پی 39 ، 44 ، 49 ، 54 ، 59",4029.0,,BUY,4029.0,4024.0,4039.0,5,-5.0,-5.0,sl,sl_full,,,,0.5,1.5,86.73,-68.82
2026-06-30T08:14:15+00:00,"23 و 33 فروش
استاپ 43
تی پی 13 ، 4003 ، 3993 ، 83 ، 73",4023.0,,SELL,4023.0,4043.0,4013.0,5,10.0,5.0,tp1,be,,,,0.5,1.5,62.82,-92.73
2026-06-30T08:14:15+00:00,"23 و 33 فروش
استاپ 43
تی پی 13 ، 4003 ، 3993 ، 83 ، 73",4033.0,,SELL,4033.0,4043.0,4013.0,5,20.0,10.0,tp1,be,,,,0.5,1.5,72.82,-82.73
2026-06-30T10:48:14+00:00,"29 و 19 خرید
استاپ 9
تی پی 39 ، 49 ، 59 ، 69 ، 79",4029.0,,BUY,4029.0,4009.0,4039.0,5,-20.0,-20.0,sl,sl_full,,,,0.5,1.5,86.73,-68.82
2026-06-30T10:48:14+00:00,"29 و 19 خرید
استاپ 9
تی پی 39 ، 49 ، 59 ، 69 ، 79",4019.0,,BUY,4019.0,4009.0,4039.0,5,-10.0,-10.0,sl,sl_full,,,,0.5,1.5,96.73,-58.82
2026-06-30T13:59:06+00:00,"29 و 19 خرید
استاپ 9
تی پی 39 ، 49 ، 59 ، 69 ، 79",4029.0,,BUY,4029.0,4009.0,4039.0,5,-20.0,-20.0,sl,sl_full,,,,0.5,1.5,111.61,-68.82
2026-06-30T13:59:06+00:00,"29 و 19 خرید
استاپ 9
تی پی 39 ، 49 ، 59 ، 69 ، 79",4019.0,,BUY,4019.0,4009.0,4039.0,5,-10.0,-10.0,sl,sl_full,,,,0.5,1.5,121.61,-58.82
2026-06-30T14:49:10+00:00,"43 و 33 خرید
استاپ 23
تی پی 53 ، 63 ، 73 ، 83 ، 93",4043.0,,BUY,4043.0,4023.0,4053.0,5,10.0,5.0,tp1,be,,,,0.5,1.5,100.12,-82.82
2026-06-30T14:49:10+00:00,"43 و 33 خرید
استاپ 23
تی پی 53 ، 63 ، 73 ، 83 ، 93",4033.0,,BUY,4033.0,4023.0,4053.0,5,-10.0,-10.0,sl,sl_full,,,,0.5,1.5,110.12,-72.82
2026-06-30T15:16:39+00:00,"30 و 20 خرید 
استاپ 10
تی پی 40 ، 50 ، 60 ، 70 ، 80",4030.0,,BUY,4030.0,4010.0,4040.0,5,10.0,5.0,tp1,be,,,,0.5,1.5,114.16,-69.82
2026-06-30T15:16:39+00:00,"30 و 20 خرید 
استاپ 10
تی پی 40 ، 50 ، 60 ، 70 ، 80",4020.0,,BUY,4020.0,4010.0,4040.0,5,-10.0,-10.0,sl,sl_full,,,,0.5,1.5,124.16,-59.82
2026-07-01T07:34:27+00:00,"62 و 67 فروش 
استاپ 72
تی پی 57 ، 52 ، 47 ، 42 ، 37",3962.0,,SELL,3962.0,3972.0,3957.0,5,-10.0,-10.0,sl,sl_full,,,,0.5,1.5,1.82,-233.49
2026-07-01T07:34:27+00:00,"62 و 67 فروش 
استاپ 72
تی پی 57 ، 52 ، 47 ، 42 ، 37",3967.0,,SELL,3967.0,3972.0,3957.0,5,-5.0,-5.0,sl,sl_full,,,,0.5,1.5,6.82,-228.49
2026-07-01T07:58:13+00:00,"75 و 65 خرید 
استاپ 55
تی پی 85 ، 3995 ، 4005 ، 15 ، 25",3975.0,,BUY,3975.0,3955.0,3985.0,5,10.0,30.0,tp1,final,,,,0.5,1.5,220.49,-14.82
2026-07-01T07:58:13+00:00,"75 و 65 خرید 
استاپ 55
تی پی 85 ، 3995 ، 4005 ، 15 ، 25",3965.0,,BUY,3965.0,3955.0,3985.0,5,20.0,40.0,tp1,final,,,,0.5,1.5,230.49,-4.82
2026-07-01T09:52:52+00:00,"83 و 78 خرید
استاپ 73
تی پی 88 ، 93 ، 3998 ، 4003 ، 8",3983.0,,BUY,3983.0,3973.0,3988.0,5,-10.0,-10.0,sl,sl_full,,,,0.5,1.5,212.49,-11.68
2026-07-01T09:52:52+00:00,"83 و 78 خرید
استاپ 73
تی پی 88 ، 93 ، 3998 ، 4003 ، 8",3978.0,,BUY,3978.0,3973.0,3988.0,5,-5.0,-5.0,sl,sl_full,,,,0.5,1.5,217.49,-8.51
2026-07-01T11:53:11+00:00,"32 و 27 خرید
استاپ 22
تی پی 37 ، 42 ، 47 ، 52 ، 57",4032.0,,BUY,4032.0,4022.0,4037.0,5,-10.0,-10.0,sl,sl_full,,,,0.5,1.5,163.49,-19.08
2026-07-01T11:53:11+00:00,"32 و 27 خرید
استاپ 22
تی پی 37 ، 42 ، 47 ، 52 ، 57",4027.0,,BUY,4027.0,4022.0,4037.0,5,-5.0,-5.0,sl,sl_full,,,,0.5,1.5,168.49,-14.08
2026-07-01T12:14:28+00:00,"20 و 30 فروش
استاپ 40
تی پی 10 ، 4000 ، 3990 ، 80 ، 70",4020.0,,SELL,4020.0,4040.0,4010.0,5,-20.0,-20.0,sl,sl_full,,,,0.5,1.5,7.08,-175.49
2026-07-01T12:14:28+00:00,"20 و 30 فروش
استاپ 40
تی پی 10 ، 4000 ، 3990 ، 80 ، 70",4030.0,,SELL,4030.0,4040.0,4010.0,5,-10.0,-10.0,sl,sl_full,,,,0.5,1.5,17.08,-165.49
2026-07-01T13:25:03+00:00,"40 و 30 خرید
استاپ 20
تی پی 50 ، 60 ، 70 ، 80 ، 90",4040.0,,BUY,4040.0,4020.0,4050.0,5,10.0,30.0,tp1,final,,,,0.5,1.5,155.49,-15.64
2026-07-01T13:25:03+00:00,"40 و 30 خرید
استاپ 20
تی پی 50 ، 60 ، 70 ، 80 ، 90",4030.0,,BUY,4030.0,4020.0,4050.0,5,-10.0,-10.0,sl,sl_full,,,,0.5,1.5,165.49,-17.08
2026-07-01T15:30:29+00:00,"83 و 88 فروش 
استاپ 93
تی پی 78 ، 73 ، 68 ، 63 ، 58",3983.0,,SELL,3983.0,3993.0,3978.0,5,0.0,0.0,no_fill,no_fill,,,,0.5,1.5,0.0,0.0
2026-07-01T15:30:29+00:00,"83 و 88 فروش 
استاپ 93
تی پی 78 ، 73 ، 68 ، 63 ، 58",3988.0,,SELL,3988.0,3993.0,3978.0,5,0.0,0.0,no_fill,no_fill,,,,0.5,1.5,0.0,0.0
2026-07-02T06:47:35+00:00,"68 و 58 خرید 
استاپ 48
تی پی 78 ، 88 ، 98 ، 108 ، 118",4068.0,,BUY,4068.0,4048.0,4078.0,5,10.0,5.0,tp1,be,,,,0.5,1.5,135.12,-14.72
2026-07-02T06:47:35+00:00,"68 و 58 خرید 
استاپ 48
تی پی 78 ، 88 ، 98 ، 108 ، 118",4058.0,,BUY,4058.0,4048.0,4078.0,5,20.0,10.0,tp1,be,,,,0.5,1.5,145.12,-4.72
2026-07-02T09:47:06+00:00,"70 و 60 خرید 
استاپ 50
تی پی 80 ، 90 ، 100 ، 110 ، 120",4070.0,,BUY,4070.0,4050.0,4080.0,5,10.0,5.0,tp1,be,,,,0.5,1.5,133.12,-12.61
2026-07-02T09:47:06+00:00,"70 و 60 خرید 
استاپ 50
تی پی 80 ، 90 ، 100 ، 110 ، 120",4060.0,,BUY,4060.0,4050.0,4080.0,5,20.0,40.0,tp1,final,,,,0.5,1.5,143.12,-2.61
2026-07-02T13:33:26+00:00,"25 و 15 خرید 
استاپ 5
تی پی 35 ، 45 ، 55 ، 65 ، 75",4025.0,,BUY,4025.0,4005.0,4035.0,5,0.0,0.0,no_fill,no_fill,,,,0.5,1.5,0.0,0.0
2026-07-02T13:33:26+00:00,"25 و 15 خرید 
استاپ 5
تی پی 35 ، 45 ، 55 ، 65 ، 75",4015.0,,BUY,4015.0,4005.0,4035.0,5,0.0,0.0,no_fill,no_fill,,,,0.5,1.5,0.0,0.0
2026-07-02T13:38:34+00:00,"25 و 15 خرید 
استاپ 5
تی پی 35 ، 45 ، 55 ، 65 ، 75",4025.0,,BUY,4025.0,4005.0,4035.0,5,0.0,0.0,no_fill,no_fill,,,,0.5,1.5,0.0,0.0
2026-07-02T13:38:34+00:00,"25 و 15 خرید 
استاپ 5
تی پی 35 ، 45 ، 55 ، 65 ، 75",4015.0,,BUY,4015.0,4005.0,4035.0,5,0.0,0.0,no_fill,no_fill,,,,0.5,1.5,0.0,0.0
2026-07-02T14:00:32+00:00,"30 و 20 خرید 
استاپ 10
تی پی 40 ، 50 ، 60 ، 70 ، 80",4030.0,,BUY,4030.0,4010.0,4040.0,5,0.0,0.0,no_fill,no_fill,,,,0.5,1.5,0.0,0.0
2026-07-02T14:00:32+00:00,"30 و 20 خرید 
استاپ 10
تی پی 40 ، 50 ، 60 ، 70 ، 80",4020.0,,BUY,4020.0,4010.0,4040.0,5,0.0,0.0,no_fill,no_fill,,,,0.5,1.5,0.0,0.0
2026-07-02T14:50:42+00:00,"23 و 13 خرید 
استاپ 3
تی پی 33 ، 43 ، 53 ، 63 ، 73",4023.0,,BUY,4023.0,4003.0,4033.0,5,0.0,0.0,no_fill,no_fill,,,,0.5,1.5,0.0,0.0
2026-07-02T14:50:42+00:00,"23 و 13 خرید 
استاپ 3
تی پی 33 ، 43 ، 53 ، 63 ، 73",4013.0,,BUY,4013.0,4003.0,4033.0,5,0.0,0.0,no_fill,no_fill,,,,0.5,1.5,0.0,0.0
2026-07-03T07:48:06+00:00,"80 و 75 خرید 
استاپ 70
تی پی 85 ، 90 ، 195 ، 200 ، 5",4180.0,,BUY,4180.0,4170.0,4185.0,5,-10.0,-10.0,sl,sl_full,,,,0.5,1.5,23.12,-63.38
2026-07-03T07:48:06+00:00,"80 و 75 خرید 
استاپ 70
تی پی 85 ، 90 ، 195 ، 200 ، 5",4175.0,,BUY,4175.0,4170.0,4185.0,5,-5.0,-5.0,sl,sl_full,,,,0.5,1.5,28.12,-58.38
2026-07-03T09:59:04+00:00,"72 و 67 خرید 
استاپ 62
تی پی 77 ، 82 ، 87 ، 92 ، 97",4172.0,,BUY,4172.0,4162.0,4177.0,5,5.0,2.5,tp1,be,,,,0.5,1.5,31.12,-55.38
2026-07-03T09:59:04+00:00,"72 و 67 خرید 
استاپ 62
تی پی 77 ، 82 ، 87 ، 92 ، 97",4167.0,,BUY,4167.0,4162.0,4177.0,5,-5.0,-5.0,sl,sl_full,,,,0.5,1.5,36.12,-50.38
2026-07-03T11:16:29+00:00,"84 و 79 خرید 
استاپ 74
تی پی 89 ، 94 ، 199 ، 204 ، 9",4184.0,,BUY,4184.0,4174.0,4189.0,5,-10.0,-10.0,sl,sl_full,,,,0.5,1.5,19.12,-67.38
2026-07-03T11:16:29+00:00,"84 و 79 خرید 
استاپ 74
تی پی 89 ، 94 ، 199 ، 204 ، 9",4179.0,,BUY,4179.0,4174.0,4189.0,5,-5.0,-5.0,sl,sl_full,,,,0.5,1.5,24.12,-62.38
2026-07-03T12:08:35+00:00,"82 و 77 خرید 
استاپ 72
تی پی 87 ، 92 ، 197 ، 202 ، 9",4182.0,,BUY,4182.0,4172.0,4187.0,5,-10.0,-10.0,sl,sl_full,,,,0.5,1.54,21.12,-65.38
2026-07-03T12:08:35+00:00,"82 و 77 خرید 
استاپ 72
تی پی 87 ، 92 ، 197 ، 202 ، 9",4177.0,,BUY,4177.0,4172.0,4187.0,5,-5.0,-5.0,sl,sl_full,,,,0.5,1.54,26.12,-60.38
2026-07-03T14:30:42+00:00,"65 و 60 خرید 
استاپ 55
تی پی 70 ، 75 ، 80 ، 85 ، 90",4165.0,,BUY,4165.0,4155.0,4170.0,5,5.0,2.5,tp1,be,,,,0.5,1.5,38.12,-48.38
2026-07-03T14:30:42+00:00,"65 و 60 خرید 
استاپ 55
تی پی 70 ، 75 ، 80 ، 85 ، 90",4160.0,,BUY,4160.0,4155.0,4170.0,5,10.0,20.0,tp1,final,,,,0.5,1.5,43.12,-43.38
2026-07-06T08:28:40+00:00,"55 و 60 فروش 
استاپ 65
تی پی 50 ، 45 ، 40 ، 35 ، 30",4155.0,,SELL,4155.0,4165.0,4150.0,5,5.0,2.5,tp1,be,,,,0.5,1.5,62.59,-25.66
2026-07-06T08:28:40+00:00,"55 و 60 فروش 
استاپ 65
تی پی 50 ، 45 ، 40 ، 35 ، 30",4160.0,,SELL,4160.0,4165.0,4150.0,5,10.0,5.0,tp1,be,,,,0.5,1.5,67.59,-20.66
2026-07-06T09:38:59+00:00,"42 و 47 فروش 
استاپ 52
تی پی 37 ، 32 ، 27 ، 22 ، 17",4142.0,,SELL,4142.0,4152.0,4137.0,5,5.0,2.5,tp1,be,,,,0.5,1.5,75.19,-38.66
2026-07-06T09:38:59+00:00,"42 و 47 فروش 
استاپ 52
تی پی 37 ، 32 ، 27 ، 22 ، 17",4147.0,,SELL,4147.0,4152.0,4137.0,5,10.0,5.0,tp1,be,,,,0.5,1.5,80.19,-33.66
2026-07-06T10:36:53+00:00,"57 و 62 فروش
استاپ 67
تی پی 52 ، 47 ، 42 ، 37 ، 32",4157.0,,SELL,4157.0,4167.0,4152.0,5,5.0,2.5,tp1,be,,,,0.5,1.5,106.79,-23.66
2026-07-06T10:36:53+00:00,"57 و 62 فروش
استاپ 67
تی پی 52 ، 47 ، 42 ، 37 ، 32",4162.0,,SELL,4162.0,4167.0,4152.0,5,10.0,20.0,tp1,final,,,,0.5,1.5,111.79,-18.66
2026-07-06T12:22:31+00:00,"50 و 55 فروش 
استاپ 60
تی پی 45 ، 40 ، 35 ، 30 ، 25",4150.0,,SELL,4150.0,4160.0,4145.0,5,5.0,2.5,tp1,be,,,,0.5,1.5,109.52,-30.66
2026-07-06T12:22:31+00:00,"50 و 55 فروش 
استاپ 60
تی پی 45 ، 40 ، 35 ، 30 ، 25",4155.0,,SELL,4155.0,4160.0,4145.0,5,10.0,5.0,tp1,be,,,,0.5,1.5,114.52,-25.66
2026-07-06T13:04:33+00:00,"47 و 52 فروش 
استاپ 57
تی پی 42 ، 37 ، 32 ، 27 ، 22",4147.0,,SELL,4147.0,4157.0,4142.0,5,-10.0,-10.0,sl,sl_full,,,,0.5,1.5,106.52,-33.66
2026-07-06T13:04:33+00:00,"47 و 52 فروش 
استاپ 57
تی پی 42 ، 37 ، 32 ، 27 ، 22",4152.0,,SELL,4152.0,4157.0,4142.0,5,-5.0,-5.0,sl,sl_full,,,,0.5,1.5,111.52,-28.66
2026-07-06T13:26:49+00:00,"47 و 52 فروش 
استاپ 57
تی پی 42 ، 37 ، 32 ، 27 ، 22",4147.0,,SELL,4147.0,4157.0,4142.0,5,-10.0,-10.0,sl,sl_full,,,,0.5,1.5,106.52,-33.66
2026-07-06T13:26:49+00:00,"47 و 52 فروش 
استاپ 57
تی پی 42 ، 37 ، 32 ، 27 ، 22",4152.0,,SELL,4152.0,4157.0,4142.0,5,-5.0,-5.0,sl,sl_full,,,,0.5,1.5,111.52,-28.66
2026-07-06T13:40:49+00:00,"50 و 55 فروش 
استاپ 60
تی پی 45 ، 40 ، 35 ، 30 ، 25",4150.0,,SELL,4150.0,4160.0,4145.0,5,5.0,2.5,tp1,be,,,,0.5,1.5,109.52,-30.66
2026-07-06T13:40:49+00:00,"50 و 55 فروش 
استاپ 60
تی پی 45 ، 40 ، 35 ، 30 ، 25",4155.0,,SELL,4155.0,4160.0,4145.0,5,10.0,5.0,tp1,be,,,,0.5,1.5,114.52,-25.66
2026-07-07T07:53:51+00:00,"27 و 32 فروش 
استاپ 37
تی پی 22 ، 17 ، 12 ، 7 ، 2",4127.0,,SELL,4127.0,4137.0,4122.0,5,5.0,2.5,tp1,be,,,,0.5,1.5,105.2,-53.66
2026-07-07T07:53:51+00:00,"27 و 32 فروش 
استاپ 37
تی پی 22 ، 17 ، 12 ، 7 ، 2",4132.0,,SELL,4132.0,4137.0,4122.0,5,-5.0,-5.0,sl,sl_full,,,,0.5,1.5,110.2,-48.66
2026-07-07T08:32:23+00:00,"34 و 29 خرید 
استاپ 24
تی پی 39 ، 44 ، 49 ، 54 ، 59",4134.0,,BUY,4134.0,4124.0,4139.0,5,5.0,2.5,tp1,be,,,,0.5,1.5,46.66,-112.2
2026-07-07T08:32:23+00:00,"34 و 29 خرید 
استاپ 24
تی پی 39 ، 44 ، 49 ، 54 ، 59",4129.0,,BUY,4129.0,4124.0,4139.0,5,-5.0,-5.0,sl,sl_full,,,,0.5,1.5,51.66,-107.2
2026-07-07T08:58:06+00:00,"27 و 32 فروش 
استاپ 37
تی پی 22 ، 17 ، 12 ، 7 ، 2",4127.0,,SELL,4127.0,4137.0,4122.0,5,5.0,2.5,tp1,be,,,,0.5,1.5,105.2,-53.66
2026-07-07T08:58:06+00:00,"27 و 32 فروش 
استاپ 37
تی پی 22 ، 17 ، 12 ، 7 ، 2",4132.0,,SELL,4132.0,4137.0,4122.0,5,-5.0,-5.0,sl,sl_full,,,,0.5,1.5,110.2,-48.66
2026-07-07T11:33:11+00:00,"39 و 34 خرید 
استاپ 29
تی پی 44 ، 49 ، 54 ، 59 ، 64",4139.0,,BUY,4139.0,4129.0,4144.0,5,5.0,15.0,tp1,final,,,,0.5,1.5,41.66,-117.2
2026-07-07T11:33:11+00:00,"39 و 34 خرید 
استاپ 29
تی پی 44 ، 49 ، 54 ، 59 ، 64",4134.0,,BUY,4134.0,4129.0,4144.0,5,-5.0,-5.0,sl,sl_full,,,,0.5,1.5,46.66,-112.2
2026-07-07T13:12:53+00:00,"68 و 63 خرید
استاپ 58
تی پی 73 ، 78 ، 83 ، 88 ، 93",4168.0,,BUY,4168.0,4158.0,4173.0,5,5.0,2.5,tp1,be,,,,0.5,1.5,12.66,-146.2
2026-07-07T13:12:53+00:00,"68 و 63 خرید
استاپ 58
تی پی 73 ، 78 ، 83 ، 88 ، 93",4163.0,,BUY,4163.0,4158.0,4173.0,5,10.0,5.0,tp1,be,,,,0.5,1.5,17.66,-141.2
2026-07-07T13:43:40+00:00,"77 و 72 خرید
استاپ 67
تی پی 82 ، 87 ، 92 ، 197 ، 202",4177.0,,BUY,4177.0,4167.0,4182.0,5,-10.0,-10.0,sl,sl_full,,,,0.5,1.5,3.66,-155.2
2026-07-07T13:43:40+00:00,"77 و 72 خرید
استاپ 67
تی پی 82 ، 87 ، 92 ، 197 ، 202",4172.0,,BUY,4172.0,4167.0,4182.0,5,-5.0,-5.0,sl,sl_full,,,,0.5,1.5,8.66,-150.2
2026-07-07T14:02:48+00:00,"62 و 72 فروش
استاپ 82
تی پی 52 ، 42 ، 32 ، 22 ، 12",4162.0,,SELL,4162.0,4182.0,4152.0,5,10.0,30.0,tp1,final,,,,0.5,1.5,140.2,-18.66
2026-07-07T14:02:48+00:00,"62 و 72 فروش
استاپ 82
تی پی 52 ، 42 ، 32 ، 22 ، 12",4172.0,,SELL,4172.0,4182.0,4152.0,5,20.0,40.0,tp1,final,,,,0.5,1.5,150.2,-8.66
2026-07-08T07:08:41+00:00,"20 و 30 فروش 
استاپ 40
تی پی 10 ، 100 ، 90 ، 80 ، 70",4120.0,,SELL,4120.0,4140.0,4110.0,5,10.0,5.0,tp1,be,,,,0.5,1.5,98.2,-18.2
2026-07-08T07:08:41+00:00,"20 و 30 فروش 
استاپ 40
تی پی 10 ، 100 ، 90 ، 80 ، 70",4130.0,,SELL,4130.0,4140.0,4110.0,5,20.0,40.0,tp1,final,,,,0.5,1.5,108.2,-8.2
2026-07-08T08:52:29+00:00,"70 و 80 فروش 
استاپ 90
تی پی 60 ، 50 ، 40 ، 30 ، 20",4170.0,,SELL,4170.0,4190.0,4160.0,5,0.0,0.0,no_fill,no_fill,,,,0.5,1.5,0.0,0.0
2026-07-08T08:52:29+00:00,"70 و 80 فروش 
استاپ 90
تی پی 60 ، 50 ، 40 ، 30 ، 20",4180.0,,SELL,4180.0,4190.0,4160.0,5,0.0,0.0,no_fill,no_fill,,,,0.5,1.5,0.0,0.0
2026-07-08T08:58:30+00:00,"55 و 65 فروش 
استاپ 75
تی پی 45 ، 35 ، 25 ، 15 ، 5",4155.0,,SELL,4155.0,4175.0,4145.0,5,0.0,0.0,no_fill,no_fill,,,,0.5,1.5,0.0,0.0
2026-07-08T08:58:30+00:00,"55 و 65 فروش 
استاپ 75
تی پی 45 ، 35 ، 25 ، 15 ، 5",4165.0,,SELL,4165.0,4175.0,4145.0,5,0.0,0.0,no_fill,no_fill,,,,0.5,1.5,0.0,0.0
2026-07-08T12:27:31+00:00,"72 و 62 خرید
استاپ 52
تی پی 82 ، 92 ، 102 ، 12 ، 22",4072.0,,BUY,4072.0,4052.0,4082.0,5,10.0,5.0,tp1,be,,,,0.5,1.5,66.2,-50.2
2026-07-08T12:27:31+00:00,"72 و 62 خرید
استاپ 52
تی پی 82 ، 92 ، 102 ، 12 ، 22",4062.0,,BUY,4062.0,4052.0,4082.0,5,-10.0,-10.0,sl,sl_full,,,,0.5,1.5,76.2,-40.2
2026-07-08T14:03:29+00:00,"67 و 77 فروش
استاپ 87
تی پی 57 ، 47 ، 37 ، 27 ، 17",4067.0,,SELL,4067.0,4087.0,4057.0,5,10.0,5.0,tp1,be,,,,0.5,1.5,45.2,-71.2
2026-07-08T14:03:29+00:00,"67 و 77 فروش
استاپ 87
تی پی 57 ، 47 ، 37 ، 27 ، 17",4077.0,,SELL,4077.0,4087.0,4057.0,5,20.0,10.0,tp1,be,,,,0.5,1.5,55.2,-61.2
2026-07-08T14:35:44+00:00,"59 و 69 فروش
استاپ 79
تی پی 49 ، 39 ، 29 ، 19 ، 9",4059.0,,SELL,4059.0,4079.0,4049.0,5,10.0,5.0,tp1,be,,,,0.5,1.5,37.2,-79.2
2026-07-08T14:35:44+00:00,"59 و 69 فروش
استاپ 79
تی پی 49 ، 39 ، 29 ، 19 ، 9",4069.0,,SELL,4069.0,4079.0,4049.0,5,-10.0,-10.0,sl,sl_full,,,,0.5,1.5,47.2,-69.2
2026-07-08T15:05:22+00:00,"40 و 50 فروش
استاپ 60
تی پی 30 ، 20 ، 10 ، 4000 ، 3990",4040.0,,SELL,4040.0,4060.0,4030.0,5,10.0,5.0,tp1,be,,,,0.5,1.5,18.2,-98.2
2026-07-08T15:05:22+00:00,"40 و 50 فروش
استاپ 60
تی پی 30 ، 20 ، 10 ، 4000 ، 3990",4050.0,,SELL,4050.0,4060.0,4030.0,5,20.0,10.0,tp1,be,,,,0.5,1.5,28.2,-88.2
2026-07-09T07:40:11+00:00,"109 و 104 خرید
استاپ 99
تی پی 114 ، 19 ، 24 ، 29 ، 34",4109.0,,BUY,4109.0,4099.0,4114.0,5,5.0,2.5,tp1,be,,,,0.5,1.5,29.2,-65.19
2026-07-09T07:40:11+00:00,"109 و 104 خرید
استاپ 99
تی پی 114 ، 19 ، 24 ، 29 ، 34",4104.0,,BUY,4104.0,4099.0,4114.0,5,-5.0,-5.0,sl,sl_full,,,,0.5,1.5,34.2,-60.19
2026-07-09T10:53:39+00:00,"97 و 102 فروش
استاپ 107
تی پی 92 ، 87 ، 82 ، 77 ، 72",4097.0,,SELL,4097.0,4107.0,4092.0,5,-10.0,-10.0,sl,sl_full,,,,0.5,1.5,53.19,-41.2
2026-07-09T10:53:39+00:00,"97 و 102 فروش
استاپ 107
تی پی 92 ، 87 ، 82 ، 77 ، 72",4102.0,,SELL,4102.0,4107.0,4092.0,5,-5.0,-5.0,sl,sl_full,,,,0.5,1.5,58.19,-36.2
2026-07-09T11:18:52+00:00,"104 و 99 خرید
استاپ 94
تی پی 109 ، 14 ، 29 ، 34 ، 39",4104.0,,BUY,4104.0,4094.0,4109.0,5,5.0,2.5,tp1,be,,,,0.5,2.1,34.2,-60.19
2026-07-09T11:18:52+00:00,"104 و 99 خرید
استاپ 94
تی پی 109 ، 14 ، 29 ، 34 ، 39",4099.0,,BUY,4099.0,4094.0,4109.0,5,-5.0,-5.0,sl,sl_full,,,,0.5,2.1,39.2,-55.19
2026-07-09T12:19:19+00:00,"111 و 101 خرید
استاپ 91
تی پی 121 ، 31 ، 41 ، 51 ، 61",4111.0,,BUY,4111.0,4091.0,4121.0,5,10.0,5.0,tp1,be,,,,0.5,1.5,27.2,-67.19
2026-07-09T12:19:19+00:00,"111 و 101 خرید
استاپ 91
تی پی 121 ، 31 ، 41 ، 51 ، 61",4101.0,,BUY,4101.0,4091.0,4121.0,5,20.0,10.0,tp1,be,,,,0.5,1.5,37.2,-57.19
2026-07-09T13:01:40+00:00,"12 و 7 خرید
استاپ 2
تی پی 17 ، 22 ، 27 ، 32 ، 37",4112.0,,BUY,4112.0,4102.0,4117.0,5,5.0,2.5,tp1,be,,,,0.5,1.5,26.2,-68.19
2026-07-09T13:01:40+00:00,"12 و 7 خرید
استاپ 2
تی پی 17 ، 22 ، 27 ، 32 ، 37",4107.0,,BUY,4107.0,4102.0,4117.0,5,-5.0,-5.0,sl,sl_full,,,,0.5,1.5,31.2,-63.19
2026-07-09T14:16:20+00:00,"22 و 12 خرید 
استاپ 2
تی پی 32 ، 42 ، 52 ، 62 ، 72",4122.0,,BUY,4122.0,4102.0,4132.0,5,10.0,5.0,tp1,be,,,,0.5,1.5,16.2,-78.19
2026-07-09T14:16:20+00:00,"22 و 12 خرید 
استاپ 2
تی پی 32 ، 42 ، 52 ، 62 ، 72",4112.0,,BUY,4112.0,4102.0,4132.0,5,20.0,10.0,tp1,be,,,,0.5,1.5,26.2,-68.19
2026-07-10T07:37:10+00:00,"12 و 17 فروش
استاپ 22
تی پی 7 ، 102 ، 97 ، 92 ، 87",4112.0,,SELL,4112.0,4122.0,4107.0,5,5.0,2.5,tp1,be,,,,0.5,1.5,128.42,-9.72
2026-07-10T07:37:10+00:00,"12 و 17 فروش
استاپ 22
تی پی 7 ، 102 ، 97 ، 92 ، 87",4117.0,,SELL,4117.0,4122.0,4107.0,5,10.0,5.0,tp1,be,,,,0.5,1.5,133.42,-4.72
2026-07-10T11:09:05+00:00,"5 و 10 فروش
استاپ 15
تی پی 100 ، 95 ، 90 ، 85 ، 80",4110.0,,SELL,4110.0,4115.0,4100.0,5,10.0,5.0,tp1,be,,,,2.0,4.0,126.42,-11.72
2026-07-10T11:09:05+00:00,"5 و 10 فروش
استاپ 15
تی پی 100 ، 95 ، 90 ، 85 ، 80",4105.0,,SELL,4105.0,4115.0,4100.0,5,5.0,2.5,tp1,be,,,,2.0,4.0,121.42,-16.72
2026-07-10T11:41:36+00:00,"101 و 106 فروش 
استاپ 111
تی پی 96 ، 91 ، 86 ، 81 ، 76",4101.0,,SELL,4101.0,4111.0,4096.0,5,5.0,2.5,tp1,be,,,,0.5,1.5,117.42,-20.72
2026-07-10T11:41:36+00:00,"101 و 106 فروش 
استاپ 111
تی پی 96 ، 91 ، 86 ، 81 ، 76",4106.0,,SELL,4106.0,4111.0,4096.0,5,-5.0,-5.0,sl,sl_full,,,,0.5,1.5,122.42,-15.72
2026-07-10T12:16:26+00:00,"110 و 105 خرید
استاپ 100
تی پی 115 ، 20 ، 25 ، 30 ، 35",4110.0,,BUY,4110.0,4100.0,4115.0,5,-10.0,-10.0,sl,sl_full,,,,0.5,1.5,11.72,-126.42
2026-07-10T12:16:26+00:00,"110 و 105 خرید
استاپ 100
تی پی 115 ، 20 ، 25 ، 30 ، 35",4105.0,,BUY,4105.0,4100.0,4115.0,5,-5.0,-5.0,sl,sl_full,,,,0.5,1.5,16.72,-121.42
2026-07-10T12:47:31+00:00,"100 و 110 فروش
استاپ 120
تی پی 90 ، 80 ، 70 ، 60 ، 50",4100.0,,SELL,4100.0,4120.0,4090.0,5,10.0,5.0,tp1,be,,,,0.5,1.5,116.42,-21.72
2026-07-10T12:47:31+00:00,"100 و 110 فروش
استاپ 120
تی پی 90 ، 80 ، 70 ، 60 ، 50",4110.0,,SELL,4110.0,4120.0,4090.0,5,20.0,10.0,tp1,be,,,,0.5,1.5,126.42,-11.72
2026-07-10T14:14:38+00:00,"100 و 110 فروش
استاپ 120
تی پی 90 ، 80 ، 70 ، 60 ، 50",4100.0,,SELL,4100.0,4120.0,4090.0,5,10.0,5.0,tp1,be,,,,0.5,1.5,116.42,-21.72
2026-07-10T14:14:38+00:00,"100 و 110 فروش
استاپ 120
تی پی 90 ، 80 ، 70 ، 60 ، 50",4110.0,,SELL,4110.0,4120.0,4090.0,5,20.0,10.0,tp1,be,,,,0.5,1.5,126.42,-11.72
2026-07-13T07:07:46+00:00,"54 و 59 فروش
استاپ 64
تی پی 49 ، 44 ، 39 ، 34 ، 29",4054.0,,SELL,4054.0,4064.0,4049.0,5,-10.0,-10.0,sl,sl_full,,,,0.5,1.5,70.42,-49.11
2026-07-13T07:07:46+00:00,"54 و 59 فروش
استاپ 64
تی پی 49 ، 44 ، 39 ، 34 ، 29",4059.0,,SELL,4059.0,4064.0,4049.0,5,-5.0,-5.0,sl,sl_full,,,,0.5,1.5,75.42,-44.11
2026-07-13T08:02:02+00:00,"65 و 60 خرید 
استاپ 55
تی پی 70 ، 75 ، 80 ، 85 ، 90",4065.0,,BUY,4065.0,4055.0,4070.0,5,5.0,2.5,tp1,be,,,,0.5,1.5,38.11,-81.42
2026-07-13T08:02:02+00:00,"65 و 60 خرید 
استاپ 55
تی پی 70 ، 75 ، 80 ، 85 ، 90",4060.0,,BUY,4060.0,4055.0,4070.0,5,10.0,5.0,tp1,be,,,,0.5,1.5,43.11,-76.42
2026-07-13T09:59:54+00:00,"66 و 61 خرید 
استاپ 56
تی پی 71 ، 76 ، 81 ، 86 ، 91",4066.0,,BUY,4066.0,4056.0,4071.0,5,5.0,2.5,tp1,be,,,,0.5,1.5,37.11,-82.42
2026-07-13T09:59:54+00:00,"66 و 61 خرید 
استاپ 56
تی پی 71 ، 76 ، 81 ، 86 ، 91",4061.0,,BUY,4061.0,4056.0,4071.0,5,-5.0,-5.0,sl,sl_full,,,,0.5,1.5,42.11,-77.42
2026-07-13T11:11:31+00:00,"63 و 73 فروش
استاپ 83
تی پی 53 ، 43 ، 33 ، 23 ، 13",4063.0,,SELL,4063.0,4083.0,4053.0,5,10.0,5.0,tp1,be,,,,0.5,1.5,79.42,-40.11
2026-07-13T11:11:31+00:00,"63 و 73 فروش
استاپ 83
تی پی 53 ، 43 ، 33 ، 23 ، 13",4073.0,,SELL,4073.0,4083.0,4053.0,5,20.0,40.0,tp1,final,,,,0.5,1.5,89.42,-30.11
2026-07-13T13:51:41+00:00,"49 و 54 فروش 
استاپ 59
تی پی 44 ، 39 ، 34 ، 29 ، 24",4049.0,,SELL,4049.0,4059.0,4044.0,5,5.0,2.5,tp1,be,,,,0.5,1.5,65.42,-54.11
2026-07-13T13:51:41+00:00,"49 و 54 فروش 
استاپ 59
تی پی 44 ، 39 ، 34 ، 29 ، 24",4054.0,,SELL,4054.0,4059.0,4044.0,5,-5.0,-5.0,sl,sl_full,,,,0.5,1.5,70.42,-49.11
2026-07-13T14:49:40+00:00,"11 و 21 فروش
استاپ 31
تی پی 4001 ، 3991 ، 81 ، 71 ، 61",4111.0,,SELL,4111.0,4131.0,4001.0,5,0.0,0.0,no_fill,no_fill,,,,5.5,3.5,0.0,0.0
2026-07-13T14:49:40+00:00,"11 و 21 فروش
استاپ 31
تی پی 4001 ، 3991 ، 81 ، 71 ، 61",4121.0,,SELL,4121.0,4131.0,4001.0,5,0.0,0.0,no_fill,no_fill,,,,5.5,3.5,0.0,0.0
2026-07-14T08:47:37+00:00,"20 و 25 فروش
استاپ 30
تی پی 15 ، 10 ، 5 ، 4000 ، 3995",4020.0,,SELL,4020.0,4030.0,4015.0,5,5.0,2.5,tp1,be,,,,0.5,1.5,6.2,-83.11
2026-07-14T08:47:37+00:00,"20 و 25 فروش
استاپ 30
تی پی 15 ، 10 ، 5 ، 4000 ، 3995",4025.0,,SELL,4025.0,4030.0,4015.0,5,10.0,5.0,tp1,be,,,,0.5,1.5,11.2,-78.11
2026-07-14T09:53:17+00:00,"22 و 17 خرید
استاپ 12
تی پی 27 ، 32 ، 37 ، 42 ، 47",4022.0,,BUY,4022.0,4012.0,4027.0,5,5.0,2.5,tp1,be,,,,0.5,1.5,81.11,-8.2
2026-07-14T09:53:17+00:00,"22 و 17 خرید
استاپ 12
تی پی 27 ، 32 ، 37 ، 42 ، 47",4017.0,,BUY,4017.0,4012.0,4027.0,5,10.0,20.0,tp1,final,,,,0.5,1.5,86.11,-3.2
2026-07-14T11:17:38+00:00,"22 و 17 خرید
استاپ 12
تی پی 27 ، 32 ، 37 ، 42 ، 47",4022.0,,BUY,4022.0,4012.0,4027.0,5,5.0,15.0,tp1,final,,,,0.5,1.5,81.11,-8.2
2026-07-14T11:17:38+00:00,"22 و 17 خرید
استاپ 12
تی پی 27 ، 32 ، 37 ، 42 ، 47",4017.0,,BUY,4017.0,4012.0,4027.0,5,10.0,20.0,tp1,final,,,,0.5,1.5,86.11,-3.2
2026-07-14T14:06:02+00:00,"77 و 82 فروش 
استاپ 87
تی پی 72 ، 67 ، 62 ، 57 ، 52",3977.0,,SELL,3977.0,3987.0,3972.0,5,-10.0,-10.0,sl,sl_full,,,,0.5,1.5,3.37,-19.98
2026-07-14T14:06:02+00:00,"77 و 82 فروش 
استاپ 87
تی پی 72 ، 67 ، 62 ، 57 ، 52",3982.0,,SELL,3982.0,3987.0,3972.0,5,-5.0,-5.0,sl,sl_full,,,,0.5,1.5,8.37,-14.98
2026-07-14T15:05:56+00:00,"87 و 82 خرید 
استاپ 77
تی پی 92 ، 97 ، 102 ، 7 ، 12",3987.0,,BUY,3987.0,3977.0,3992.0,5,-10.0,-10.0,sl,sl_full,,,,0.5,3.5,21.48,-13.37
2026-07-14T15:05:56+00:00,"87 و 82 خرید 
استاپ 77
تی پی 92 ، 97 ، 102 ، 7 ، 12",3982.0,,BUY,3982.0,3977.0,3992.0,5,-5.0,-5.0,sl,sl_full,,,,0.5,3.5,26.48,-8.37
2026-07-14T15:21:41+00:00,"86 و 81 خرید
استاپ 76
تی پی 91 ، 96 ، 101 ، 6 ، 11",3986.0,,BUY,3986.0,3976.0,3991.0,5,-10.0,-10.0,sl,sl_full,,,,0.5,3.5,22.48,-12.37
2026-07-14T15:21:41+00:00,"86 و 81 خرید
استاپ 76
تی پی 91 ، 96 ، 101 ، 6 ، 11",3981.0,,BUY,3981.0,3976.0,3991.0,5,-5.0,-5.0,sl,sl_full,,,,0.5,3.5,27.48,-7.37
2026-07-14T15:44:50+00:00,"74 و 84 فروش 
استاپ 94
تی پی 64 ، 54 ، 44 ، 34 ، 24",4074.0,,SELL,4074.0,4094.0,4064.0,5,-20.0,-20.0,sl,sl_full,,,,0.5,1.5,100.37,-26.6
2026-07-14T15:44:50+00:00,"74 و 84 فروش 
استاپ 94
تی پی 64 ، 54 ، 44 ، 34 ، 24",4084.0,,SELL,4084.0,4094.0,4064.0,5,-10.0,-10.0,sl,sl_full,,,,0.5,1.5,110.37,-16.6
2026-07-15T09:11:47+00:00,"30 و 20 خرید 
استاپ 10
تی پی 40 ، 50 ، 60 ، 70 ، 80",4030.0,,BUY,4030.0,4010.0,4040.0,5,10.0,5.0,tp1,be,,,,0.5,1.5,51.48,-60.7
2026-07-15T09:11:47+00:00,"30 و 20 خرید 
استاپ 10
تی پی 40 ، 50 ، 60 ، 70 ، 80",4020.0,,BUY,4020.0,4010.0,4040.0,5,20.0,40.0,tp1,final,,,,0.5,1.5,61.48,-50.7
2026-07-15T11:47:48+00:00,"36 و 31 خرید
استاپ 26
تی پی 41 ، 46 ، 51 ، 56 ، 61",4036.0,,BUY,4036.0,4026.0,4041.0,5,5.0,2.5,tp1,be,,,,0.5,1.5,45.48,-66.7
2026-07-15T11:47:48+00:00,"36 و 31 خرید
استاپ 26
تی پی 41 ، 46 ، 51 ، 56 ، 61",4031.0,,BUY,4031.0,4026.0,4041.0,5,-5.0,-5.0,sl,sl_full,,,,0.5,1.5,50.48,-61.7
2026-07-15T12:48:41+00:00,"62 و 52 خرید
استاپ 42
تی پی 72 ، 82 ، 92 ، 102 ، 112",4062.0,,BUY,4062.0,4042.0,4072.0,5,10.0,5.0,tp1,be,,,,0.5,1.5,19.48,-92.7
2026-07-15T12:48:41+00:00,"62 و 52 خرید
استاپ 42
تی پی 72 ، 82 ، 92 ، 102 ، 112",4052.0,,BUY,4052.0,4042.0,4072.0,5,-10.0,-10.0,sl,sl_full,,,,0.5,1.5,29.48,-82.7
2026-07-15T13:27:19+00:00,"54 و 44 خرید 
استاپ 34
تی پی 64 ، 74 ، 84 ، 94 ، 104",4054.0,,BUY,4054.0,4034.0,4064.0,5,10.0,5.0,tp1,be,,,,0.5,1.5,27.48,-84.7
2026-07-15T13:27:19+00:00,"54 و 44 خرید 
استاپ 34
تی پی 64 ، 74 ، 84 ، 94 ، 104",4044.0,,BUY,4044.0,4034.0,4064.0,5,20.0,10.0,tp1,be,,,,0.5,1.5,37.48,-74.7
2026-07-16T07:32:49+00:00,"24 و 29 فروش
استاپ 34
تی پی 19 ، 14 ، 9 ، 4004 ، 3999",4024.0,,SELL,4024.0,4034.0,4019.0,5,-10.0,-10.0,sl,sl_full,,,,0.5,1.5,64.33,-19.36
2026-07-16T07:32:49+00:00,"24 و 29 فروش
استاپ 34
تی پی 19 ، 14 ، 9 ، 4004 ، 3999",4029.0,,SELL,4029.0,4034.0,4019.0,5,-5.0,-5.0,sl,sl_full,,,,0.5,1.5,69.33,-14.36
2026-07-16T07:57:48+00:00,"29 و 34 فروش 
استاپ 39
تی پی 24 ، 19 ، 14 ، 9 ، 4",4029.0,,SELL,4029.0,4039.0,4024.0,5,5.0,2.5,tp1,be,,,,0.5,1.5,69.33,-14.36
2026-07-16T07:57:48+00:00,"29 و 34 فروش 
استاپ 39
تی پی 24 ، 19 ، 14 ، 9 ، 4",4034.0,,SELL,4034.0,4039.0,4024.0,5,10.0,5.0,tp1,be,,,,0.5,1.5,74.33,-9.36
2026-07-16T08:49:50+00:00,"34 و 29 خرید 
استاپ 24
تی پی 39 ، 44 ، 49 ، 54 ، 59",4034.0,,BUY,4034.0,4024.0,4039.0,5,-10.0,-10.0,sl,sl_full,,,,0.5,1.5,9.36,-74.33
2026-07-16T08:49:50+00:00,"34 و 29 خرید 
استاپ 24
تی پی 39 ، 44 ، 49 ، 54 ، 59",4029.0,,BUY,4029.0,4024.0,4039.0,5,-5.0,-5.0,sl,sl_full,,,,0.5,1.5,14.36,-69.33
2026-07-16T11:27:31+00:00,"25 و 30 فروش
استاپ 35
تی پی 20 ، 15 ، 10 ، 5 ، 4000",4025.0,,SELL,4025.0,4035.0,4020.0,5,-10.0,-10.0,sl,sl_full,,,,0.5,1.5,65.33,-18.36
2026-07-16T11:27:31+00:00,"25 و 30 فروش
استاپ 35
تی پی 20 ، 15 ، 10 ، 5 ، 4000",4030.0,,SELL,4030.0,4035.0,4020.0,5,-5.0,-5.0,sl,sl_full,,,,0.5,1.5,70.33,-13.36
2026-07-16T12:46:26+00:00,"4004 و 4014 فروش
استاپ 4024
تی پی 3994 ، 84 ، 74 ، 64 ، 54",4004.0,,SELL,4004.0,4024.0,3994.0,5,10.0,5.0,tp1,be,,,,0.5,1.5,44.33,-36.79
2026-07-16T12:46:26+00:00,"4004 و 4014 فروش
استاپ 4024
تی پی 3994 ، 84 ، 74 ، 64 ، 54",4014.0,,SELL,4014.0,4024.0,3994.0,5,-10.0,-10.0,sl,sl_full,,,,0.5,1.5,54.33,-26.79
2026-07-16T14:32:49+00:00,"4001 و 4011 فروش 
استاپ 4021
تی پی 3991 ، 81 ، 71 ، 61 ، 51",4001.0,,SELL,4001.0,4021.0,3991.0,5,10.0,5.0,tp1,be,,,,0.5,1.5,41.33,-39.79
2026-07-16T14:32:49+00:00,"4001 و 4011 فروش 
استاپ 4021
تی پی 3991 ، 81 ، 71 ، 61 ، 51",4011.0,,SELL,4011.0,4021.0,3991.0,5,20.0,10.0,tp1,be,,,,0.5,1.5,51.33,-29.79
2026-07-17T09:34:08+00:00,"93 و 83 خرید 
استاپ 73
تی پی 4003 ، 13 ، 23 ، 33 ، 43",3993.0,,BUY,3993.0,3973.0,4003.0,5,-20.0,-20.0,sl,sl_full,,,,0.5,1.5,91.22,-33.33
2026-07-17T09:34:08+00:00,"93 و 83 خرید 
استاپ 73
تی پی 4003 ، 13 ، 23 ، 33 ، 43",3983.0,,BUY,3983.0,3973.0,4003.0,5,-10.0,-10.0,sl,sl_full,,,,0.5,1.5,101.22,-23.33
2026-07-17T12:18:24+00:00,"91 و 81 خرید 
استاپ 71
تی پی 4001 ، 11 ، 21 ، 31 ، 41",3991.0,,BUY,3991.0,3971.0,4001.0,5,-20.0,-20.0,sl,sl_full,,,,0.5,1.5,93.22,-31.33
2026-07-17T12:18:24+00:00,"91 و 81 خرید 
استاپ 71
تی پی 4001 ، 11 ، 21 ، 31 ، 41",3981.0,,BUY,3981.0,3971.0,4001.0,5,-10.0,-10.0,sl,sl_full,,,,0.5,1.5,103.22,-21.33
2026-07-17T13:07:13+00:00,"70 و 65 خرید 
استاپ 60
تی پی 75 ، 80 ، 85 ، 90 ، 95",3970.0,,BUY,3970.0,3960.0,3975.0,5,5.0,2.5,tp1,be,,,,0.5,1.5,114.22,-10.33
2026-07-17T13:07:13+00:00,"70 و 65 خرید 
استاپ 60
تی پی 75 ، 80 ، 85 ، 90 ، 95",3965.0,,BUY,3965.0,3960.0,3975.0,5,-5.0,-5.0,sl,sl_full,,,,0.5,1.5,119.22,-5.33
2026-07-17T13:55:26+00:00,"85 و 75 خرید 
استاپ 65
تی پی 3995 ، 4005 ، 15 ، 25 ، 35",3985.0,,BUY,3985.0,3965.0,3995.0,5,-20.0,-20.0,sl,sl_full,,,,0.5,1.5,99.22,-25.33
2026-07-17T13:55:26+00:00,"85 و 75 خرید 
استاپ 65
تی پی 3995 ، 4005 ، 15 ، 25 ، 35",3975.0,,BUY,3975.0,3965.0,3995.0,5,-10.0,-10.0,sl,sl_full,,,,0.5,1.5,109.22,-15.33
2026-07-17T15:10:32+00:00,"4008 و 3998 خرید
استاپ 3988
تی پی 4018 ، 28 ، 38 ، 48 ، 58",4008.0,,BUY,4008.0,3988.0,4018.0,5,10.0,5.0,tp1,be,,,,0.5,1.5,76.22,-25.37
2026-07-17T15:10:32+00:00,"4008 و 3998 خرید
استاپ 3988
تی پی 4018 ، 28 ، 38 ، 48 ، 58",3998.0,,BUY,3998.0,3988.0,4018.0,5,-10.0,-10.0,sl,sl_full,,,,0.5,1.5,86.22,-32.82
2026-07-20T08:51:51+00:00,"20 و 10 خرید
استاپ 4000
تی پی 30 ، 40 ، 50 ، 60 ، 70",4020.0,,BUY,4020.0,4000.0,4030.0,5,10.0,5.0,tp1,be,,,,0.5,1.5,121.7,-21.79
2026-07-20T08:51:51+00:00,"20 و 10 خرید
استاپ 4000
تی پی 30 ، 40 ، 50 ، 60 ، 70",4010.0,,BUY,4010.0,4000.0,4030.0,5,20.0,10.0,tp1,be,,,,0.5,1.5,131.7,-11.79
2026-07-20T11:32:37+00:00,"33 و 23 خرید
استاپ 13
تی پی 43 ، 53 ، 63 ، 73 ، 83",4033.0,,BUY,4033.0,4013.0,4043.0,5,-20.0,-20.0,sl,sl_full,,,,0.5,1.5,108.7,-34.79
2026-07-20T11:32:37+00:00,"33 و 23 خرید
استاپ 13
تی پی 43 ، 53 ، 63 ، 73 ، 83",4023.0,,BUY,4023.0,4013.0,4043.0,5,-10.0,-10.0,sl,sl_full,,,,0.5,1.5,118.7,-24.79
2026-07-20T11:36:55+00:00,"28 و 23 خرید
استاپ 18
تی پی 33 ، 38 ، 43 ، 48 ، 53",4028.0,,BUY,4028.0,4018.0,4033.0,5,5.0,2.5,tp1,be,,,,0.5,1.5,113.7,-29.79
2026-07-20T11:36:55+00:00,"28 و 23 خرید
استاپ 18
تی پی 33 ، 38 ، 43 ، 48 ، 53",4023.0,,BUY,4023.0,4018.0,4033.0,5,-5.0,-5.0,sl,sl_full,,,,0.5,1.5,118.7,-24.79
2026-07-20T12:13:33+00:00,"15 و 5 خرید
استاپ 3995
تی پی 25 ، 35 ، 45 ، 55 ، 65",4015.0,,BUY,4015.0,3995.0,4025.0,5,10.0,5.0,tp1,be,,,,0.5,1.5,126.7,-16.79
2026-07-20T12:13:33+00:00,"15 و 5 خرید
استاپ 3995
تی پی 25 ، 35 ، 45 ، 55 ، 65",4005.0,,BUY,4005.0,3995.0,4025.0,5,20.0,40.0,tp1,final,,,,0.5,1.5,136.7,-6.79
2026-07-21T09:56:23+00:00,"68 و 63 خرید 
استاپ 58
تی پی 73 ، 78 ، 83 ، 88 ، 93",4068.0,,BUY,4068.0,4058.0,4073.0,5,5.0,2.5,tp1,be,,,,0.5,1.5,98.44,-23.76
2026-07-21T09:56:23+00:00,"68 و 63 خرید 
استاپ 58
تی پی 73 ، 78 ، 83 ، 88 ، 93",4063.0,,BUY,4063.0,4058.0,4073.0,5,-5.0,-5.0,sl,sl_full,,,,0.5,1.5,103.44,-18.76
2026-07-21T11:06:41+00:00,"58 و 63 فروش
استاپ 68
تی پی 53 ، 48 ، 43 ، 38 ، 33",4058.0,,SELL,4058.0,4068.0,4053.0,5,5.0,2.5,tp1,be,,,,0.5,1.5,13.76,-108.44
2026-07-21T11:06:41+00:00,"58 و 63 فروش
استاپ 68
تی پی 53 ، 48 ، 43 ، 38 ، 33",4063.0,,SELL,4063.0,4068.0,4053.0,5,-5.0,-5.0,sl,sl_full,,,,0.5,1.5,18.76,-103.44
2026-07-21T12:40:19+00:00,"55 و 60 فروش 
استاپ 65
تی پی 50 ، 45 ، 40 ، 35 ، 30",4055.0,,SELL,4055.0,4065.0,4050.0,5,-10.0,-10.0,sl,sl_full,,,,0.5,1.5,10.76,-111.44
2026-07-21T12:40:19+00:00,"55 و 60 فروش 
استاپ 65
تی پی 50 ، 45 ، 40 ، 35 ، 30",4060.0,,SELL,4060.0,4065.0,4050.0,5,-5.0,-5.0,sl,sl_full,,,,0.5,1.5,15.76,-106.44
2026-07-21T14:20:36+00:00,"63 و 53 خرید
استاپ 43
تی پی 73 ، 83 ، 93 ، 103 ، 113",4063.0,,BUY,4063.0,4043.0,4073.0,5,10.0,5.0,tp1,be,,,,0.5,1.5,103.44,-22.56
2026-07-21T14:20:36+00:00,"63 و 53 خرید
استاپ 43
تی پی 73 ، 83 ، 93 ، 103 ، 113",4053.0,,BUY,4053.0,4043.0,4073.0,5,20.0,40.0,tp1,final,,,,0.5,1.5,113.44,-12.56
2026-07-22T07:33:10+00:00,"120 و 130 فروش
استاپ 140
تی پی 110 ، 100 ، 90 ، 80 ، 70",4120.0,,SELL,4120.0,4140.0,4110.0,5,10.0,5.0,tp1,be,,,,0.5,1.5,97.96,-46.44
2026-07-22T07:33:10+00:00,"120 و 130 فروش
استاپ 140
تی پی 110 ، 100 ، 90 ، 80 ، 70",4130.0,,SELL,4130.0,4140.0,4110.0,5,20.0,10.0,tp1,be,,,,0.5,1.5,107.96,-36.44
2026-07-22T09:09:45+00:00,"120 و 130 فروش
استاپ 140
تی پی 110 ، 100 ، 90 ، 80 ، 70",4120.0,,SELL,4120.0,4140.0,4110.0,5,10.0,5.0,tp1,be,,,,0.5,1.5,97.96,-46.44
2026-07-22T09:09:45+00:00,"120 و 130 فروش
استاپ 140
تی پی 110 ، 100 ، 90 ، 80 ، 70",4130.0,,SELL,4130.0,4140.0,4110.0,5,20.0,10.0,tp1,be,,,,0.5,1.5,107.96,-36.44
2026-07-22T10:30:31+00:00,"120 و 130 فروش
استاپ 140
تی پی 110 ، 100 ، 90 ، 80 ، 70",4120.0,,SELL,4120.0,4140.0,4110.0,5,10.0,5.0,tp1,be,,,,0.5,1.5,97.96,-46.44
2026-07-22T10:30:31+00:00,"120 و 130 فروش
استاپ 140
تی پی 110 ، 100 ، 90 ، 80 ، 70",4130.0,,SELL,4130.0,4140.0,4110.0,5,20.0,10.0,tp1,be,,,,0.5,1.5,107.96,-36.44
2026-07-22T12:37:42+00:00,"26 و 16 خرید 
استاپ 6
تی پی 36 ، 46 ، 56 ، 66 ، 76",4126.0,,BUY,4126.0,4106.0,4136.0,5,10.0,5.0,tp1,be,,,,0.5,1.5,40.44,-103.96
2026-07-22T12:37:42+00:00,"26 و 16 خرید 
استاپ 6
تی پی 36 ، 46 ، 56 ، 66 ، 76",4116.0,,BUY,4116.0,4106.0,4136.0,5,20.0,10.0,tp1,be,,,,0.5,1.5,50.44,-93.96
2026-07-22T15:17:29+00:00,"55 و 50 خرید 
استاپ 45
تی پی 60 ، 65 ، 70 ، 75 ، 80",4055.0,,BUY,4055.0,4045.0,4060.0,5,5.0,2.5,tp1,be,,,,0.5,1.5,15.29,-32.96
2026-07-22T15:17:29+00:00,"55 و 50 خرید 
استاپ 45
تی پی 60 ، 65 ، 70 ، 75 ، 80",4050.0,,BUY,4050.0,4045.0,4060.0,5,-5.0,-5.0,sl,sl_full,,,,0.5,1.5,20.29,-27.96
2026-07-23T10:52:46+00:00,"94 و 89 خرید
استاپ 84
تی پی 99 ، 104 ، 109 ، 114 ، 119",4094.0,,BUY,4094.0,4084.0,4099.0,5,5.0,2.5,tp1,be,,,,0.5,1.5,22.22,-71.96
2026-07-23T10:52:46+00:00,"94 و 89 خرید
استاپ 84
تی پی 99 ، 104 ، 109 ، 114 ، 119",4089.0,,BUY,4089.0,4084.0,4099.0,5,10.0,5.0,tp1,be,,,,0.5,1.5,27.22,-66.96
2026-07-23T11:38:29+00:00,"82 و 92 فروش
استاپ 102
تی پی 72 ، 62 ، 52 ، 42 ، 32",4082.0,,SELL,4082.0,4102.0,4072.0,5,10.0,30.0,tp1,final,,,,0.5,1.5,59.96,-34.22
2026-07-23T11:38:29+00:00,"82 و 92 فروش
استاپ 102
تی پی 72 ، 62 ، 52 ، 42 ، 32",4092.0,,SELL,4092.0,4102.0,4072.0,5,20.0,40.0,tp1,final,,,,0.5,1.5,69.96,-24.22
2026-07-23T14:14:57+00:00,"50 و 60 فروش 
استاپ 70
تی پی 40 ، 30 ، 20 ، 10 ، 4000",4150.0,,SELL,4150.0,4170.0,4140.0,5,0.0,0.0,no_fill,no_fill,,,,0.5,2.5,0.0,0.0
2026-07-23T14:14:57+00:00,"50 و 60 فروش 
استاپ 70
تی پی 40 ، 30 ، 20 ، 10 ، 4000",4160.0,,SELL,4160.0,4170.0,4140.0,5,0.0,0.0,no_fill,no_fill,,,,0.5,2.5,0.0,0.0
2026-07-23T15:48:01+00:00,"50 و 60 فروش 
استاپ 70
تی پی 40 ، 30 ، 20 ، 10 ، 4000",4150.0,,SELL,4150.0,4170.0,4140.0,5,0.0,0.0,no_fill,no_fill,,,,0.5,2.5,0.0,0.0
2026-07-23T15:48:01+00:00,"50 و 60 فروش 
استاپ 70
تی پی 40 ، 30 ، 20 ، 10 ، 4000",4160.0,,SELL,4160.0,4170.0,4140.0,5,0.0,0.0,no_fill,no_fill,,,,0.5,2.5,0.0,0.0
2026-07-24T09:04:40+00:00,"58 و 53 خرید 
استاپ 48
تی پی 63 ، 68 ، 73 ، 78 ، 83",4058.0,,BUY,4058.0,4048.0,4063.0,5,5.0,2.5,tp1,be,,,,0.5,1.5,58.22,-23.26
2026-07-24T09:04:40+00:00,"58 و 53 خرید 
استاپ 48
تی پی 63 ، 68 ، 73 ، 78 ، 83",4053.0,,BUY,4053.0,4048.0,4063.0,5,-5.0,-5.0,sl,sl_full,,,,0.5,1.5,63.22,-18.26
2026-07-24T09:23:32+00:00,"53 و 48 خرید
استاپ 43
تی پی 58 ، 63 ، 68 ، 73 ، 78",4053.0,,BUY,4053.0,4043.0,4058.0,5,5.0,2.5,tp1,be,,,,0.5,1.5,63.22,-18.26
2026-07-24T09:23:32+00:00,"53 و 48 خرید
استاپ 43
تی پی 58 ، 63 ، 68 ، 73 ، 78",4048.0,,BUY,4048.0,4043.0,4058.0,5,10.0,5.0,tp1,be,,,,0.5,1.5,68.22,-13.26
2026-07-24T10:43:21+00:00,"59 و 54 خرید
استاپ 49
تی پی 64 ، 69 ، 74 ، 79 ، 84",4059.0,,BUY,4059.0,4049.0,4064.0,5,-10.0,-10.0,sl,sl_full,,,,0.5,1.5,57.22,-29.44
2026-07-24T10:43:21+00:00,"59 و 54 خرید
استاپ 49
تی پی 64 ، 69 ، 74 ، 79 ، 84",4054.0,,BUY,4054.0,4049.0,4064.0,5,-5.0,-5.0,sl,sl_full,,,,0.5,1.5,62.22,-24.44
2026-07-24T12:49:35+00:00,"53 و 58 فروش
استاپ 63
تی پی 48 ، 43 ، 38 ، 33 ، 28",4053.0,,SELL,4053.0,4063.0,4048.0,5,5.0,2.5,tp1,be,,,,0.5,1.5,36.25,-63.22
2026-07-24T12:49:35+00:00,"53 و 58 فروش
استاپ 63
تی پی 48 ، 43 ، 38 ، 33 ، 28",4058.0,,SELL,4058.0,4063.0,4048.0,5,-5.0,-5.0,sl,sl_full,,,,0.5,1.5,41.25,-58.22
2026-07-24T14:01:38+00:00,"62 و 52 خرید 
استاپ 42
تی پی 72 ، 82 ، 92 ، 102 ، 112",4062.0,,BUY,4062.0,4042.0,4072.0,5,10.0,5.0,tp1,be,,,,0.5,1.5,54.22,-45.25
2026-07-24T14:01:38+00:00,"62 و 52 خرید 
استاپ 42
تی پی 72 ، 82 ، 92 ، 102 ، 112",4052.0,,BUY,4052.0,4042.0,4072.0,5,20.0,10.0,tp1,be,,,,0.5,1.5,64.22,-35.25
2026-07-27T08:34:44+00:00,"90 و 100 فروش
استاپ 110
تی پی 80 ، 70 ، 60 ، 50 ، 40",4090.0,,SELL,4090.0,4110.0,4080.0,5,10.0,5.0,tp1,be,,,,0.5,1.5,79.88,-16.11
2026-07-27T08:34:44+00:00,"90 و 100 فروش
استاپ 110
تی پی 80 ، 70 ، 60 ، 50 ، 40",4100.0,,SELL,4100.0,4110.0,4080.0,5,20.0,40.0,tp1,final,,,,0.5,1.5,89.88,-6.11
2026-07-27T11:15:43+00:00,"102 و 92 خرید
استاپ 82
تی پی 112 ، 22 ، 32 ، 42 ، 52",4102.0,,BUY,4102.0,4082.0,4112.0,5,-20.0,-20.0,sl,sl_full,,,,0.5,1.5,2.12,-91.88
2026-07-27T11:15:43+00:00,"102 و 92 خرید
استاپ 82
تی پی 112 ، 22 ، 32 ، 42 ، 52",4092.0,,BUY,4092.0,4082.0,4112.0,5,-10.0,-10.0,sl,sl_full,,,,0.5,1.5,12.12,-81.88
2026-07-27T13:15:14+00:00,"85 و 95 فروش
استاپ 105
تی پی 75 ، 65 ، 55 ، 45 ، 35",4085.0,,SELL,4085.0,4105.0,4075.0,5,10.0,5.0,tp1,be,,,,0.5,1.5,74.88,-8.96
2026-07-27T13:15:14+00:00,"85 و 95 فروش
استاپ 105
تی پی 75 ، 65 ، 55 ، 45 ، 35",4095.0,,SELL,4095.0,4105.0,4075.0,5,20.0,40.0,tp1,final,,,,0.5,1.5,84.88,-9.12
2026-07-27T13:52:58+00:00,"87 و 97 فروش
استاپ 107
تی پی 77 ، 67 ، 57 ، 47 ، 37",4087.0,,SELL,4087.0,4107.0,4077.0,5,10.0,5.0,tp1,be,,,,0.5,1.5,77.99,-7.55
2026-07-27T13:52:58+00:00,"87 و 97 فروش
استاپ 107
تی پی 77 ، 67 ، 57 ، 47 ، 37",4097.0,,SELL,4097.0,4107.0,4077.0,5,20.0,40.0,tp1,final,,,,0.5,1.5,87.99,-7.12
2026-07-27T14:19:06+00:00,"77 و 87 فروش
استاپ 97
تی پی 67 ، 57 ، 47 ، 37 ، 27",4077.0,,SELL,4077.0,4097.0,4067.0,5,10.0,5.0,tp1,be,,,,0.5,1.5,67.99,-16.96
2026-07-27T14:19:06+00:00,"77 و 87 فروش
استاپ 97
تی پی 67 ، 57 ، 47 ، 37 ، 27",4087.0,,SELL,4087.0,4097.0,4067.0,5,20.0,10.0,tp1,be,,,,0.5,1.5,77.99,-7.55
2026-07-27T15:11:36+00:00,"73 و 83 فروش 
استاپ 93
تی پی 63 ، 53 ، 43 ، 33 ، 23",4073.0,,SELL,4073.0,4093.0,4063.0,5,-20.0,-20.0,sl,sl_full,,,,0.5,1.5,77.08,-20.96
2026-07-27T15:11:36+00:00,"73 و 83 فروش 
استاپ 93
تی پی 63 ، 53 ، 43 ، 33 ، 23",4083.0,,SELL,4083.0,4093.0,4063.0,5,-10.0,-10.0,sl,sl_full,,,,0.5,1.5,87.08,-10.96
2026-07-27T16:39:46+00:00,"91 و 86 خرید
استاپ 81
تی پی 96 ، 101 ، 106 ، 111 ، 116",4091.0,,BUY,4091.0,4081.0,4096.0,5,-10.0,-10.0,sl,sl_full,,,,0.5,1.5,2.96,-95.08
2026-07-27T16:39:46+00:00,"91 و 86 خرید
استاپ 81
تی پی 96 ، 101 ، 106 ، 111 ، 116",4086.0,,BUY,4086.0,4081.0,4096.0,5,-5.0,-5.0,sl,sl_full,,,,0.5,1.5,7.96,-90.08
2026-07-27T17:01:29+00:00,"80 و 90 فروش
استاپ 100
تی پی 70 ، 60 ، 50 ، 40 ، 30",4080.0,,SELL,4080.0,4100.0,4070.0,5,10.0,30.0,tp1,final,,,,0.5,1.5,84.08,-13.96
2026-07-27T17:01:29+00:00,"80 و 90 فروش
استاپ 100
تی پی 70 ، 60 ، 50 ، 40 ، 30",4090.0,,SELL,4090.0,4100.0,4070.0,5,20.0,40.0,tp1,final,,,,0.5,1.5,94.08,-3.96
2026-07-28T08:42:48+00:00,"44 و 49 فروش 
استاپ 54
تی پی 39 ، 34 ، 29 ، 24 ، 19",4044.0,,SELL,4044.0,4054.0,4039.0,5,-10.0,-10.0,sl,sl_full,,,,0.5,1.5,48.08,-72.53
2026-07-28T08:42:48+00:00,"44 و 49 فروش 
استاپ 54
تی پی 39 ، 34 ، 29 ، 24 ، 19",4049.0,,SELL,4049.0,4054.0,4039.0,5,-5.0,-5.0,sl,sl_full,,,,0.5,1.5,53.08,-67.53
2026-07-28T10:24:05+00:00,"19 و 24 فروش
استاپ 29
تی پی 14 ، 9 ، 4 ، 3999 ، 94",4019.0,,SELL,4019.0,4029.0,4014.0,5,-10.0,-10.0,sl,sl_full,,,,0.5,1.5,23.08,-97.53
2026-07-28T10:24:05+00:00,"19 و 24 فروش
استاپ 29
تی پی 14 ، 9 ، 4 ، 3999 ، 94",4024.0,,SELL,4024.0,4029.0,4014.0,5,-5.0,-5.0,sl,sl_full,,,,0.5,1.5,28.08,-92.53
2026-07-28T11:23:21+00:00,"29 و 39 فروش
استاپ 49
تی پی ، 19 ، 4009 ، 3999 ، 89 ، 79",4029.0,,SELL,4029.0,4049.0,0,0,-20.0,0.0,sl,no_tp,,,,0.0,0.0,33.08,-87.53
2026-07-28T11:23:21+00:00,"29 و 39 فروش
استاپ 49
تی پی ، 19 ، 4009 ، 3999 ، 89 ، 79",4039.0,,SELL,4039.0,4049.0,0,0,-10.0,0.0,sl,no_tp,,,,0.0,0.0,43.08,-77.53
2026-07-28T13:52:39+00:00,"25 و 30 فروش 
استاپ 35
تی پی 20 ، 15 ، 10 ، 5 ، 4000",4025.0,,SELL,4025.0,4035.0,4020.0,5,-10.0,-10.0,sl,sl_full,,,,0.5,1.5,29.08,-91.53
2026-07-28T13:52:39+00:00,"25 و 30 فروش 
استاپ 35
تی پی 20 ، 15 ، 10 ، 5 ، 4000",4030.0,,SELL,4030.0,4035.0,4020.0,5,-5.0,-5.0,sl,sl_full,,,,0.5,1.5,34.08,-86.53
2026-07-28T14:31:54+00:00,"24 و 29 فروش
استاپ 34
تی پی 19 ، 14 ، 9 ، 4 ، 3999",4024.0,,SELL,4024.0,4034.0,4019.0,5,-10.0,-10.0,sl,sl_full,,,,0.5,1.5,28.08,-92.53
2026-07-28T14:31:54+00:00,"24 و 29 فروش
استاپ 34
تی پی 19 ، 14 ، 9 ، 4 ، 3999",4029.0,,SELL,4029.0,4034.0,4019.0,5,-5.0,-5.0,sl,sl_full,,,,0.5,1.5,33.08,-87.53
2026-07-29T08:29:44+00:00,"37 و 27 خرید 
استاپ 17
تی پی 47 ، 57 ، 67 ، 77 ، 87",4037.0,,BUY,4037.0,4017.0,4047.0,5,10.0,5.0,tp1,be,,,,0.5,1.5,83.28,-41.08
2026-07-29T08:29:44+00:00,"37 و 27 خرید 
استاپ 17
تی پی 47 ، 57 ، 67 ، 77 ، 87",4027.0,,BUY,4027.0,4017.0,4047.0,5,-10.0,-10.0,sl,sl_full,,,,0.5,1.5,93.28,-31.08
2026-07-29T11:59:34+00:00,"32 و 27 خرید
استاپ 22
تی پی 37 ، 42 ، 47 ، 52 ، 57",4032.0,,BUY,4032.0,4022.0,4037.0,5,-10.0,-10.0,sl,sl_full,,,,0.5,1.5,88.28,-36.08
2026-07-29T11:59:34+00:00,"32 و 27 خرید
استاپ 22
تی پی 37 ، 42 ، 47 ، 52 ، 57",4027.0,,BUY,4027.0,4022.0,4037.0,5,-5.0,-5.0,sl,sl_full,,,,0.5,1.5,93.28,-31.08
2026-07-29T12:21:08+00:00,"20 و 30 فروش 
استاپ 40
تی پی 10 ، 4000 ، 3990 ، 80 ، 70",4020.0,,SELL,4020.0,4040.0,4010.0,5,10.0,5.0,tp1,be,,,,0.5,1.5,24.08,-100.28
2026-07-29T12:21:08+00:00,"20 و 30 فروش 
استاپ 40
تی پی 10 ، 4000 ، 3990 ، 80 ، 70",4030.0,,SELL,4030.0,4040.0,4010.0,5,20.0,10.0,tp1,be,,,,0.5,1.5,34.08,-90.28
2026-07-29T12:38:08+00:00,"20 و 30 فروش 
استاپ 40
تی پی 10 ، 4000 ، 3990 ، 80 ، 70",4020.0,,SELL,4020.0,4040.0,4010.0,5,10.0,5.0,tp1,be,,,,0.5,1.5,24.08,-100.28
2026-07-29T12:38:08+00:00,"20 و 30 فروش 
استاپ 40
تی پی 10 ، 4000 ، 3990 ، 80 ، 70",4030.0,,SELL,4030.0,4040.0,4010.0,5,20.0,10.0,tp1,be,,,,0.5,1.5,34.08,-90.28
2026-07-29T13:19:30+00:00,"18 و 23 فروش
استاپ 28
تی پی 13 ، 8 ، 3 ، 3998 ، 93",4018.0,,SELL,4018.0,4028.0,4013.0,5,5.0,2.5,tp1,be,,,,0.5,1.5,22.08,-102.28
2026-07-29T13:19:30+00:00,"18 و 23 فروش
استاپ 28
تی پی 13 ، 8 ، 3 ، 3998 ، 93",4023.0,,SELL,4023.0,4028.0,4013.0,5,10.0,5.0,tp1,be,,,,0.5,1.5,27.08,-97.28
2026-07-29T14:31:13+00:00,"7 و 17 فروش 
استاپ 27
تی پی 3997 ، 87 ، 77 ، 67 ، 57",4017.0,,SELL,4017.0,4027.0,3997.0,5,20.0,10.0,tp1,be,,,,2.0,4.0,21.08,-103.28
2026-07-29T14:31:13+00:00,"7 و 17 فروش 
استاپ 27
تی پی 3997 ، 87 ، 77 ، 67 ، 57",4007.0,,SELL,4007.0,4027.0,3997.0,5,10.0,5.0,tp1,be,,,,2.0,4.0,11.08,-113.28
2026-07-30T08:21:54+00:00,"57 و 47 خرید
استاپ 37
تی پی 67 ، 77 ، 87 ، 97 ، 107",4057.0,,BUY,4057.0,4037.0,4067.0,5,10.0,30.0,tp1,final,,,,0.5,1.5,63.28,-36.45
2026-07-30T08:21:54+00:00,"57 و 47 خرید
استاپ 37
تی پی 67 ، 77 ، 87 ، 97 ، 107",4047.0,,BUY,4047.0,4037.0,4067.0,5,-10.0,-10.0,sl,sl_full,,,,0.5,1.5,73.28,-26.45
2026-07-30T12:42:21+00:00,"78 و 83 فروش
استاپ 88
تی پی 73 ، 68 ، 63 ، 58 ، 53",4078.0,,SELL,4078.0,4088.0,4073.0,5,5.0,2.5,tp1,be,,,,0.5,1.5,57.45,-42.28
2026-07-30T12:42:21+00:00,"78 و 83 فروش
استاپ 88
تی پی 73 ، 68 ، 63 ، 58 ، 53",4083.0,,SELL,4083.0,4088.0,4073.0,5,10.0,5.0,tp1,be,,,,0.5,1.5,62.45,-37.28
2026-07-30T13:40:04+00:00,"90 و 80 خرید 
استاپ 70
تی پی 100 ، 110 ، 120 ، 130 ، 140",4090.0,,BUY,4090.0,4070.0,4100.0,5,10.0,5.0,tp1,be,,,,0.5,1.5,30.28,-69.45
2026-07-30T13:40:04+00:00,"90 و 80 خرید 
استاپ 70
تی پی 100 ، 110 ، 120 ، 130 ، 140",4080.0,,BUY,4080.0,4070.0,4100.0,5,-10.0,-10.0,sl,sl_full,,,,0.5,1.5,40.28,-59.45
2026-07-30T14:34:00+00:00,"102 و 92 خرید 
استاپ 82
تی پی 112 ، 122 ، 132 ، 142 ، 152",4102.0,,BUY,4102.0,4082.0,4112.0,5,10.0,5.0,tp1,be,,,,0.5,1.5,18.28,-81.45
2026-07-30T14:34:00+00:00,"102 و 92 خرید 
استاپ 82
تی پی 112 ، 122 ، 132 ، 142 ، 152",4092.0,,BUY,4092.0,4082.0,4112.0,5,-10.0,-10.0,sl,sl_full,,,,0.5,1.5,28.28,-71.45
2026-07-30T14:53:48+00:00,"96 و 86 خرید 
استاپ 76
تی پی 106 ، 116 ، 126 ، 136 ، 146",4096.0,,BUY,4096.0,4076.0,4106.0,5,-20.0,-20.0,sl,sl_full,,,,0.5,1.5,24.28,-76.9
2026-07-30T14:53:48+00:00,"96 و 86 خرید 
استاپ 76
تی پی 106 ، 116 ، 126 ، 136 ، 146",4086.0,,BUY,4086.0,4076.0,4106.0,5,-10.0,-10.0,sl,sl_full,,,,0.5,1.5,34.28,-66.9
2026-07-31T07:05:36+00:00,"78 و 83 فروش
استاپ 88
تی پی 73 ، 68 ، 63 ، 58 ، 53",4078.0,,SELL,4078.0,4088.0,4073.0,5,5.0,2.5,tp1,be,,,,0.5,1.5,58.9,-9.5
2026-07-31T07:05:36+00:00,"78 و 83 فروش
استاپ 88
تی پی 73 ، 68 ، 63 ، 58 ، 53",4083.0,,SELL,4083.0,4088.0,4073.0,5,10.0,5.0,tp1,be,,,,0.5,1.5,63.9,-4.5
2026-07-31T08:06:47+00:00,"65 و 70 فروش
استاپ 75
تی پی 60 ، 55 ، 50 ، 45 ، 40",4065.0,,SELL,4065.0,4075.0,4060.0,5,5.0,2.5,tp1,be,,,,0.5,1.5,45.9,-18.11
2026-07-31T08:06:47+00:00,"65 و 70 فروش
استاپ 75
تی پی 60 ، 55 ، 50 ، 45 ، 40",4070.0,,SELL,4070.0,4075.0,4060.0,5,10.0,20.0,tp1,final,,,,0.5,1.5,50.9,-13.11
2026-07-31T09:55:57+00:00,"55 و 60 فروش
استاپ 65
تی پی 50 ، 45 ، 40 ، 35 ، 30",4055.0,,SELL,4055.0,4065.0,4050.0,5,5.0,2.5,tp1,be,,,,0.5,1.5,35.9,-28.11
2026-07-31T09:55:57+00:00,"55 و 60 فروش
استاپ 65
تی پی 50 ، 45 ، 40 ، 35 ، 30",4060.0,,SELL,4060.0,4065.0,4050.0,5,-5.0,-5.0,sl,sl_full,,,,0.5,1.5,40.9,-23.11
2026-07-31T11:40:40+00:00,"54 و 59 فروش 
استاپ 64
تی پی 49 ، 44 ، 39 ، 34 ، 29",4054.0,,SELL,4054.0,4064.0,4049.0,5,5.0,15.0,tp1,final,,,,0.5,1.5,34.9,-29.11
2026-07-31T11:40:40+00:00,"54 و 59 فروش 
استاپ 64
تی پی 49 ، 44 ، 39 ، 34 ، 29",4059.0,,SELL,4059.0,4064.0,4049.0,5,-5.0,-5.0,sl,sl_full,,,,0.5,1.5,39.9,-24.11
2026-07-31T12:41:35+00:00,"44 و 49 فروش 
استاپ 54
تی پی 39 ، 34 ، 29 ، 24 ، 19",4044.0,,SELL,4044.0,4054.0,4039.0,5,5.0,2.5,tp1,be,,,,0.5,1.5,24.9,-39.11
2026-07-31T12:41:35+00:00,"44 و 49 فروش 
استاپ 54
تی پی 39 ، 34 ، 29 ، 24 ، 19",4049.0,,SELL,4049.0,4054.0,4039.0,5,10.0,5.0,tp1,be,,,,0.5,1.5,29.9,-34.11
2026-07-31T14:03:48+00:00,"33 و 40 فروش
استاپ 47
تی پی 28 ، 23 ، 18 ، 13 ، 8",4033.0,,SELL,4033.0,4047.0,4028.0,5,5.0,2.5,tp1,be,,,,0.36,1.07,13.9,-51.4
2026-07-31T14:03:48+00:00,"33 و 40 فروش
استاپ 47
تی پی 28 ، 23 ، 18 ، 13 ، 8",4040.0,,SELL,4040.0,4047.0,4028.0,5,-7.0,-7.0,sl,sl_full,,,,0.36,1.07,20.9,-44.4
2026-07-31T14:16:20+00:00,"33 و 40 فروش
استاپ 47
تی پی 28 ، 23 ، 18 ، 13 ، 8",4033.0,,SELL,4033.0,4047.0,4028.0,5,5.0,2.5,tp1,be,,,,0.36,1.07,13.9,-51.4
2026-07-31T14:16:20+00:00,"33 و 40 فروش
استاپ 47
تی پی 28 ، 23 ، 18 ، 13 ، 8",4040.0,,SELL,4040.0,4047.0,4028.0,5,-7.0,-7.0,sl,sl_full,,,,0.36,1.07,20.9,-44.4
2026-08-03T08:09:15+00:00,"59 و 49 خرید
استاپ 39
تی پی 69 ، 79 ، 89 ، 99 ، 109",4059.0,,BUY,4059.0,4039.0,4069.0,5,10.0,5.0,tp1,be,,,,0.5,1.5,120.8,-39.9
2026-08-03T08:09:15+00:00,"59 و 49 خرید
استاپ 39
تی پی 69 ، 79 ، 89 ، 99 ، 109",4049.0,,BUY,4049.0,4039.0,4069.0,5,-10.0,-10.0,sl,sl_full,,,,0.5,1.5,130.8,-29.9
2026-08-03T11:44:12+00:00,"54 و 49 خرید
استاپ 44
تی پی 59 ، 64 ، 69 ، 74 ، 79",4054.0,,BUY,4054.0,4044.0,4059.0,5,5.0,2.5,tp1,be,,,,0.5,1.5,125.8,-34.9
2026-08-03T11:44:12+00:00,"54 و 49 خرید
استاپ 44
تی پی 59 ، 64 ، 69 ، 74 ، 79",4049.0,,BUY,4049.0,4044.0,4059.0,5,10.0,5.0,tp1,be,,,,0.5,1.5,130.8,-29.9
2026-08-03T13:06:00+00:00,"43 و 48 فروش
استاپ 53
تی پی 38 ، 33 ، 28 ، 23 ، 18",4043.0,,SELL,4043.0,4053.0,4038.0,5,-10.0,-10.0,sl,sl_full,,,,0.5,1.5,23.9,-156.3
2026-08-03T13:06:00+00:00,"43 و 48 فروش
استاپ 53
تی پی 38 ، 33 ، 28 ، 23 ، 18",4048.0,,SELL,4048.0,4053.0,4038.0,5,-5.0,-5.0,sl,sl_full,,,,0.5,1.5,28.9,-151.3
2026-08-03T15:00:36+00:00,"37 و 47 فروش
استاپ 57
تی پی 27 ، 17 ، 4007 ، 3997 ، 87",4037.0,,SELL,4037.0,4057.0,4027.0,5,10.0,5.0,tp1,be,,,,0.5,1.5,17.9,-176.4
2026-08-03T15:00:36+00:00,"37 و 47 فروش
استاپ 57
تی پی 27 ، 17 ، 4007 ، 3997 ، 87",4047.0,,SELL,4047.0,4057.0,4027.0,5,20.0,10.0,tp1,be,,,,0.5,1.5,27.9,-166.4
2026-08-04T07:55:41+00:00,"63 و 58 خرید 
استاپ 53
تی پی 68 ، 73 ، 78 ، 83 ، 88",4063.0,,BUY,4063.0,4053.0,4068.0,5,5.0,2.5,tp1,be,,,,0.5,1.5,241.36,-17.66
2026-08-04T07:55:41+00:00,"63 و 58 خرید 
استاپ 53
تی پی 68 ، 73 ، 78 ، 83 ، 88",4058.0,,BUY,4058.0,4053.0,4068.0,5,10.0,5.0,tp1,be,,,,0.5,1.5,246.36,-12.66
2026-08-04T08:07:29+00:00,"70 و 65 خرید
استاپ 60
تی پی 75 ، 80 ، 85 ، 90 ، 95",4070.0,,BUY,4070.0,4060.0,4075.0,5,-10.0,-10.0,sl,sl_full,,,,0.5,1.5,234.36,-24.66
2026-08-04T08:07:29+00:00,"70 و 65 خرید
استاپ 60
تی پی 75 ، 80 ، 85 ، 90 ، 95",4065.0,,BUY,4065.0,4060.0,4075.0,5,-5.0,-5.0,sl,sl_full,,,,0.5,1.5,239.36,-19.66
2026-08-04T08:43:01+00:00,"59 و 69 فروش 
استاپ 79
تی پی 49 ، 39 ، 29 ، 19 ، 9",4059.0,,SELL,4059.0,4079.0,4049.0,5,10.0,5.0,tp1,be,,,,0.5,1.5,13.66,-245.36
2026-08-04T08:43:01+00:00,"59 و 69 فروش 
استاپ 79
تی پی 49 ، 39 ، 29 ، 19 ، 9",4069.0,,SELL,4069.0,4079.0,4049.0,5,20.0,10.0,tp1,be,,,,0.5,1.5,23.66,-235.36
2026-08-04T11:19:52+00:00,"57 و 67 فروش
استاپ 77
تی پی 47 ، 37 ، 27 ، 17 ، 7",4057.0,,SELL,4057.0,4077.0,4047.0,5,10.0,5.0,tp1,be,,,,0.5,1.5,11.66,-247.36
2026-08-04T11:19:52+00:00,"57 و 67 فروش
استاپ 77
تی پی 47 ، 37 ، 27 ، 17 ، 7",4067.0,,SELL,4067.0,4077.0,4047.0,5,20.0,10.0,tp1,be,,,,0.5,1.5,21.66,-237.36
2026-08-04T11:54:10+00:00,"76 و 66 خرید 
استاپ 56
تی پی 86 ، 96 ، 106 ، 116 ، 126",4076.0,,BUY,4076.0,4056.0,4086.0,5,10.0,5.0,tp1,be,,,,0.5,1.5,228.36,-14.99
2026-08-04T11:54:10+00:00,"76 و 66 خرید 
استاپ 56
تی پی 86 ، 96 ، 106 ، 116 ، 126",4066.0,,BUY,4066.0,4056.0,4086.0,5,20.0,10.0,tp1,be,,,,0.5,1.5,238.36,-6.13
2026-08-04T12:47:43+00:00,"77 و 67 خرید 
استاپ 57
تی پی 87 ، 97 ، 107 ، 117 ، 127",4077.0,,BUY,4077.0,4057.0,4087.0,5,10.0,5.0,tp1,be,,,,0.5,1.5,227.36,-15.99
2026-08-04T12:47:43+00:00,"77 و 67 خرید 
استاپ 57
تی پی 87 ، 97 ، 107 ، 117 ، 127",4067.0,,BUY,4067.0,4057.0,4087.0,5,20.0,10.0,tp1,be,,,,0.5,1.5,237.36,-7.13
2026-08-04T14:20:01+00:00,"80 و 70 خرید
استاپ 60
تی پی 90 ، 100 ، 110 ، 120 ، 130",4080.0,,BUY,4080.0,4060.0,4090.0,5,10.0,5.0,tp1,be,,,,0.5,1.5,224.36,-18.99
2026-08-04T14:20:01+00:00,"80 و 70 خرید
استاپ 60
تی پی 90 ، 100 ، 110 ، 120 ، 130",4070.0,,BUY,4070.0,4060.0,4090.0,5,-10.0,-10.0,sl,sl_full,,,,0.5,1.5,234.36,-10.13
2026-08-04T15:18:01+00:00,"79 و 69 خرید
استاپ 59
تی پی 89 ، 99 ، 109 ، 119 ، 129",4079.0,,BUY,4079.0,4059.0,4089.0,5,10.0,5.0,tp1,be,,,,0.5,1.5,225.36,-17.99
2026-08-04T15:18:01+00:00,"79 و 69 خرید
استاپ 59
تی پی 89 ، 99 ، 109 ، 119 ، 129",4069.0,,BUY,4069.0,4059.0,4089.0,5,20.0,10.0,tp1,be,,,,0.5,1.5,235.36,-7.99
2026-08-05T06:51:57+00:00,"175 و 165 خرید 
استاپ 155
تی پی 185 ، 195 ، 205 ، 215 ، 225",4175.0,,BUY,4175.0,4155.0,4185.0,5,-20.0,-20.0,sl,sl_full,,,,0.5,1.5,129.36,-24.89
2026-08-05T06:51:57+00:00,"175 و 165 خرید 
استاپ 155
تی پی 185 ، 195 ، 205 ، 215 ، 225",4165.0,,BUY,4165.0,4155.0,4185.0,5,-10.0,-10.0,sl,sl_full,,,,0.5,1.5,139.36,-14.89
2026-08-05T09:57:00+00:00,"152 و 142 خرید
استاپ 132
تی پی 162 ، 172 ، 182 ، 192 ، 202",4152.0,,BUY,4152.0,4132.0,4162.0,5,10.0,30.0,tp1,final,,,,0.5,1.5,164.8,-1.89
2026-08-05T09:57:00+00:00,"152 و 142 خرید
استاپ 132
تی پی 162 ، 172 ، 182 ، 192 ، 202",4142.0,,BUY,4142.0,4132.0,4162.0,5,0.0,0.0,no_fill,no_fill,,,,0.5,1.5,0.0,0.0
2026-08-05T12:58:49+00:00,"188 و 198 فروش
استاپ 208
تی پی 178 ، 168 ، 158 ، 148 ، 138",4188.0,,SELL,4188.0,4208.0,4178.0,5,-20.0,-20.0,sl,sl_full,,,,0.5,1.5,7.58,-139.72
2026-08-05T12:58:49+00:00,"188 و 198 فروش
استاپ 208
تی پی 178 ، 168 ، 158 ، 148 ، 138",4198.0,,SELL,4198.0,4208.0,4178.0,5,-10.0,-10.0,sl,sl_full,,,,0.5,1.5,15.2,-129.72
2026-08-05T13:42:54+00:00,"200 و 190 خرید 
استاپ 180
تی پی 210 ، 220 ، 230 ، 240 ، 250",4200.0,,BUY,4200.0,4180.0,4210.0,5,10.0,5.0,tp1,be,,,,0.5,1.5,170.84,-17.2
2026-08-05T13:42:54+00:00,"200 و 190 خرید 
استاپ 180
تی پی 210 ، 220 ، 230 ، 240 ، 250",4190.0,,BUY,4190.0,4180.0,4210.0,5,20.0,10.0,tp1,be,,,,0.5,1.5,180.84,-7.2
2026-08-06T08:09:25+00:00,"65 و 55 خرید
استاپ 45
تی پی 75 ، 85 ، 95 ، 305 ، 15",4265.0,,BUY,4265.0,4245.0,4275.0,5,10.0,5.0,tp1,be,,,,0.5,1.5,106.87,-41.85
2026-08-06T08:09:25+00:00,"65 و 55 خرید
استاپ 45
تی پی 75 ، 85 ، 95 ، 305 ، 15",4255.0,,BUY,4255.0,4245.0,4275.0,5,20.0,10.0,tp1,be,,,,0.5,1.5,116.87,-31.85
2026-08-06T10:24:16+00:00,"69 و 59 خرید
استاپ 49
تی پی 79 ، 89 ، 99 ، 309 ، 19",4269.0,,BUY,4269.0,4249.0,4279.0,5,10.0,5.0,tp1,be,,,,0.5,1.5,102.87,-45.85
2026-08-06T10:24:16+00:00,"69 و 59 خرید
استاپ 49
تی پی 79 ، 89 ، 99 ، 309 ، 19",4259.0,,BUY,4259.0,4249.0,4279.0,5,20.0,10.0,tp1,be,,,,0.5,1.5,112.87,-35.85
2026-08-06T12:32:27+00:00,"67 و 57 خرید
استاپ 47
تی پی 77 ، 87 ، 97 ، 307 ، 17",4267.0,,BUY,4267.0,4247.0,4277.0,5,-20.0,-20.0,sl,sl_full,,,,0.5,1.5,104.87,-43.85
2026-08-06T12:32:27+00:00,"67 و 57 خرید
استاپ 47
تی پی 77 ، 87 ، 97 ، 307 ، 17",4257.0,,BUY,4257.0,4247.0,4277.0,5,-10.0,-10.0,sl,sl_full,,,,0.5,1.5,114.87,-33.85
2026-08-06T13:21:16+00:00,"48 و 58 فروش 
استاپ 68
تی پی 38 ، 28 ، 18 ، 208 ، 198",4248.0,,SELL,4248.0,4268.0,4238.0,5,10.0,5.0,tp1,be,,,,0.5,1.5,24.85,-123.87
2026-08-06T13:21:16+00:00,"48 و 58 فروش 
استاپ 68
تی پی 38 ، 28 ، 18 ، 208 ، 198",4258.0,,SELL,4258.0,4268.0,4238.0,5,-10.0,-10.0,sl,sl_full,,,,0.5,1.5,34.85,-113.87
2026-08-06T14:39:22+00:00,"72 و 62 خرید 
استاپ 52
تی پی 82 ، 92 ، 302 ، 12 ، 22",4272.0,,BUY,4272.0,4252.0,4282.0,5,-20.0,-20.0,sl,sl_full,,,,0.5,1.5,99.87,-48.85
2026-08-06T14:39:22+00:00,"72 و 62 خرید 
استاپ 52
تی پی 82 ، 92 ، 302 ، 12 ، 22",4262.0,,BUY,4262.0,4252.0,4282.0,5,-10.0,-10.0,sl,sl_full,,,,0.5,1.5,109.87,-38.85
2026-08-07T08:13:13+00:00,"297 و 287 خرید
استاپ 277
تی پی 307 ، 17 ، 27 ، 37 ، 47",4297.0,,BUY,4297.0,4277.0,4307.0,5,10.0,5.0,tp1,be,,,,0.5,1.5,138.21,-14.42
2026-08-07T08:13:13+00:00,"297 و 287 خرید
استاپ 277
تی پی 307 ، 17 ، 27 ، 37 ، 47",4287.0,,BUY,4287.0,4277.0,4307.0,5,20.0,40.0,tp1,final,,,,0.5,1.5,148.21,-6.82
2026-08-07T09:44:30+00:00,"16 و 6 خرید
استاپ 296
تی پی 26 ، 36 ، 46 ، 56 ، 66",4216.0,,BUY,4216.0,3296.0,4226.0,5,0.0,0.0,no_fill,no_fill,,,,0.01,0.03,0.0,0.0
2026-08-07T09:44:30+00:00,"16 و 6 خرید
استاپ 296
تی پی 26 ، 36 ، 46 ، 56 ، 66",4206.0,,BUY,4206.0,3296.0,4226.0,5,0.0,0.0,no_fill,no_fill,,,,0.01,0.03,0.0,0.0
2026-08-07T09:46:36+00:00,"18 و 8 خرید
استاپ 298
تی پی 28 ، 38 ، 48 ، 58 ، 68",4218.0,,BUY,4218.0,3298.0,4228.0,5,0.0,0.0,no_fill,no_fill,,,,0.01,0.03,0.0,0.0
2026-08-07T09:46:36+00:00,"18 و 8 خرید
استاپ 298
تی پی 28 ، 38 ، 48 ، 58 ، 68",4208.0,,BUY,4208.0,3298.0,4228.0,5,0.0,0.0,no_fill,no_fill,,,,0.01,0.03,0.0,0.0
2026-08-07T12:53:40+00:00,"68 و 58 خرید
استاپ 48
تی پی 78 ، 88 ، 98 ، 408 ، 18",4268.0,,BUY,4268.0,4248.0,4278.0,5,0.0,0.0,no_fill,no_fill,,,,0.5,2.5,0.0,0.0
2026-08-07T12:53:40+00:00,"68 و 58 خرید
استاپ 48
تی پی 78 ، 88 ، 98 ، 408 ، 18",4258.0,,BUY,4258.0,4248.0,4278.0,5,0.0,0.0,no_fill,no_fill,,,,0.5,2.5,0.0,0.0
2026-08-07T13:50:30+00:00,"52 و 42 خرید
استاپ 32
تی پی 62 ، 72 ، 82 ، 92 ، 402",4252.0,,BUY,4252.0,4232.0,4262.0,5,0.0,0.0,no_fill,no_fill,,,,0.5,2.5,0.0,0.0
2026-08-07T13:50:30+00:00,"52 و 42 خرید
استاپ 32
تی پی 62 ، 72 ، 82 ، 92 ، 402",4242.0,,BUY,4242.0,4232.0,4262.0,5,0.0,0.0,no_fill,no_fill,,,,0.5,2.5,0.0,0.0
2026-08-07T14:19:21+00:00,"44 و 34 خرید 
استاپ 24
تی پی 54 ، 64 ، 74 ، 84 ، 94",4244.0,,BUY,4244.0,4224.0,4254.0,5,0.0,0.0,no_fill,no_fill,,,,0.5,1.5,0.0,0.0
2026-08-07T14:19:21+00:00,"44 و 34 خرید 
استاپ 24
تی پی 54 ، 64 ، 74 ، 84 ، 94",4234.0,,BUY,4234.0,4224.0,4254.0,5,0.0,0.0,no_fill,no_fill,,,,0.5,1.5,0.0,0.0
2026-08-10T07:29:05+00:00,"54 و 44 خرید 
استاپ 34
تی پی 64 ، 74 ، 84 ، 94 ، 404",4354.0,,BUY,4354.0,4334.0,4364.0,5,-20.0,-20.0,sl,sl_full,,,,0.5,1.5,81.21,-37.27
2026-08-10T07:29:05+00:00,"54 و 44 خرید 
استاپ 34
تی پی 64 ، 74 ، 84 ، 94 ، 404",4344.0,,BUY,4344.0,4334.0,4364.0,5,-10.0,-10.0,sl,sl_full,,,,0.5,1.5,91.21,-27.27
2026-08-10T08:27:53+00:00,"54 و 44 خرید 
استاپ 34
تی پی 64 ، 74 ، 84 ، 94 ، 404",4354.0,,BUY,4354.0,4334.0,4364.0,5,-20.0,-20.0,sl,sl_full,,,,0.5,1.5,81.21,-37.27
2026-08-10T08:27:53+00:00,"54 و 44 خرید 
استاپ 34
تی پی 64 ، 74 ، 84 ، 94 ، 404",4344.0,,BUY,4344.0,4334.0,4364.0,5,-10.0,-10.0,sl,sl_full,,,,0.5,1.5,91.21,-27.27
2026-08-10T10:40:24+00:00,"39 و 29 خرید 
استاپ 19
تی پی 49 ، 59 ، 69 ، 79 ، 89",4339.0,,BUY,4339.0,4319.0,4349.0,5,-20.0,-20.0,sl,sl_full,,,,0.5,1.5,96.21,-22.27
2026-08-10T10:40:24+00:00,"39 و 29 خرید 
استاپ 19
تی پی 49 ، 59 ، 69 ، 79 ، 89",4329.0,,BUY,4329.0,4319.0,4349.0,5,-10.0,-10.0,sl,sl_full,,,,0.5,1.5,106.21,-12.27
2026-08-10T12:47:31+00:00,"30 و 20 خرید 
استاپ 10
تی پی 40 ، 50 ، 60 ، 70 ، 80",4330.0,,BUY,4330.0,4310.0,4340.0,5,10.0,5.0,tp1,be,,,,0.5,1.5,105.21,-13.27
2026-08-10T12:47:31+00:00,"30 و 20 خرید 
استاپ 10
تی پی 40 ، 50 ، 60 ، 70 ، 80",4320.0,,BUY,4320.0,4310.0,4340.0,5,20.0,40.0,tp1,final,,,,0.5,1.5,115.21,-3.27
2026-08-10T13:28:53+00:00,"32 و 22 خرید 
استاپ 12
تی پی 42 ، 52 ، 62 ، 72 ، 82",4332.0,,BUY,4332.0,4312.0,4342.0,5,10.0,30.0,tp1,final,,,,0.5,1.5,103.21,-15.27
2026-08-10T13:28:53+00:00,"32 و 22 خرید 
استاپ 12
تی پی 42 ، 52 ، 62 ، 72 ، 82",4322.0,,BUY,4322.0,4312.0,4342.0,5,20.0,40.0,tp1,final,,,,0.5,1.5,113.21,-5.27
2026-08-10T14:20:14+00:00,"34 و 24 خرید
استاپ 14
تی پی 44 ، 54 ، 64 ، 74 ، 84",4334.0,,BUY,4334.0,4314.0,4344.0,5,10.0,30.0,tp1,final,,,,0.5,1.5,107.34,-17.27
2026-08-10T14:20:14+00:00,"34 و 24 خرید
استاپ 14
تی پی 44 ، 54 ، 64 ، 74 ، 84",4324.0,,BUY,4324.0,4314.0,4344.0,5,20.0,40.0,tp1,final,,,,0.5,1.5,117.34,-7.27
2026-08-11T08:29:12+00:00,"68 و 78 فروش
استاپ 88
تی پی 58 ، 48 ، 38 ، 28 ، 18",4368.0,,SELL,4368.0,4388.0,4358.0,5,10.0,5.0,tp1,be,,,,0.5,1.5,11.3,-82.23
2026-08-11T08:29:12+00:00,"68 و 78 فروش
استاپ 88
تی پی 58 ، 48 ، 38 ، 28 ، 18",4378.0,,SELL,4378.0,4388.0,4358.0,5,-10.0,-10.0,sl,sl_full,,,,0.5,1.5,21.3,-72.23
2026-08-11T11:20:13+00:00,"391 و 381 خرید
استاپ 371
تی پی 401 ، 411 ، 21 ، 31 ، 41",4391.0,,BUY,4391.0,4371.0,4401.0,5,10.0,5.0,tp1,be,,,,0.5,1.5,59.23,-30.92
2026-08-11T11:20:13+00:00,"391 و 381 خرید
استاپ 371
تی پی 401 ، 411 ، 21 ، 31 ، 41",4381.0,,BUY,4381.0,4371.0,4401.0,5,20.0,10.0,tp1,be,,,,0.5,1.5,69.23,-20.92
2026-08-11T12:17:28+00:00,"94 و 89 خرید 
استاپ 84
تی پی 99 ، 404 ، 409 ، 14 ، 19",4394.0,,BUY,4394.0,4384.0,4399.0,5,5.0,2.5,tp1,be,,,,0.5,1.5,56.23,-33.92
2026-08-11T12:17:28+00:00,"94 و 89 خرید 
استاپ 84
تی پی 99 ، 404 ، 409 ، 14 ، 19",4389.0,,BUY,4389.0,4384.0,4399.0,5,-5.0,-5.0,sl,sl_full,,,,0.5,1.5,61.23,-28.92
2026-08-11T13:27:07+00:00,"98 و 93 خرید
استاپ 88
تی پی 403 ، 8 ، 13 ، 18 ، 23",4398.0,,BUY,4398.0,4388.0,4403.0,5,-10.0,-10.0,sl,sl_full,,,,0.5,1.5,52.23,-37.92
2026-08-11T13:27:07+00:00,"98 و 93 خرید
استاپ 88
تی پی 403 ، 8 ، 13 ، 18 ، 23",4393.0,,BUY,4393.0,4388.0,4403.0,5,-5.0,-5.0,sl,sl_full,,,,0.5,1.5,57.23,-32.92
2026-08-11T14:18:21+00:00,"87 و 97 فروش
استاپ 407
تی پی 77 ، 67 ، 57 ، 47 ، 37",4387.0,,SELL,4387.0,4407.0,4377.0,5,10.0,5.0,tp1,be,,,,0.5,1.5,26.92,-63.23
2026-08-11T14:18:21+00:00,"87 و 97 فروش
استاپ 407
تی پی 77 ، 67 ، 57 ، 47 ، 37",4397.0,,SELL,4397.0,4407.0,4377.0,5,20.0,10.0,tp1,be,,,,0.5,1.5,36.92,-53.23
2026-08-11T15:27:53+00:00,"87 و 92 فروش 
استاپ 97
تی پی 82 ، 77 ، 72 ، 67 ، 62",4387.0,,SELL,4387.0,4397.0,4382.0,5,5.0,2.5,tp1,be,,,,0.5,1.5,26.92,-63.23
2026-08-11T15:27:53+00:00,"87 و 92 فروش 
استاپ 97
تی پی 82 ، 77 ، 72 ، 67 ، 62",4392.0,,SELL,4392.0,4397.0,4382.0,5,-5.0,-5.0,sl,sl_full,,,,0.5,1.5,31.92,-58.23
2026-08-12T07:58:52+00:00,"405 و 400 خرید
استاپ 395
تی پی 410 ، 15 ، 20 ، 25 ، 30",4405.0,,BUY,4405.0,4395.0,4410.0,5,5.0,2.5,tp1,be,,,,0.5,1.5,45.23,-94.22
2026-08-12T07:58:52+00:00,"405 و 400 خرید
استاپ 395
تی پی 410 ، 15 ، 20 ، 25 ، 30",4400.0,,BUY,4400.0,4395.0,4410.0,5,-5.0,-5.0,sl,sl_full,,,,0.5,1.5,50.23,-89.22
2026-08-12T09:07:05+00:00,"406 و 401 خرید
استاپ 396
تی پی 411 ، 16 ، 21 ، 26 ، ،31",4406.0,,BUY,4406.0,4396.0,4411.0,4,5.0,2.5,tp1,be,,,,0.5,1.25,44.23,-95.22
2026-08-12T09:07:05+00:00,"406 و 401 خرید
استاپ 396
تی پی 411 ، 16 ، 21 ، 26 ، ،31",4401.0,,BUY,4401.0,4396.0,4411.0,4,10.0,17.5,tp1,final,,,,0.5,1.25,49.23,-90.22
2026-08-12T09:27:45+00:00,"415 و 405 خرید
استاپ 395
تی پی 425 ، 35 ، 45 ، 55 ، 65",4415.0,,BUY,4415.0,4395.0,4425.0,5,10.0,5.0,tp1,be,,,,0.5,1.5,35.23,-104.22
2026-08-12T09:27:45+00:00,"415 و 405 خرید
استاپ 395
تی پی 425 ، 35 ، 45 ، 55 ، 65",4405.0,,BUY,4405.0,4395.0,4425.0,5,20.0,10.0,tp1,be,,,,0.5,1.5,45.23,-94.22
2026-08-12T13:22:44+00:00,"20 و 10 خرید
استاپ 400
تی پی 30 ، 40 ، 50 ، 60 ، 70",4420.0,,BUY,4420.0,4400.0,4430.0,5,-20.0,-20.0,sl,sl_full,,,,0.5,1.5,30.23,-109.22
2026-08-12T13:22:44+00:00,"20 و 10 خرید
استاپ 400
تی پی 30 ، 40 ، 50 ، 60 ، 70",4410.0,,BUY,4410.0,4400.0,4430.0,5,-10.0,-10.0,sl,sl_full,,,,0.5,1.5,40.23,-99.22
2026-08-12T15:14:39+00:00,"29 و 19 خرید 
استاپ 9
تی پی 39 ، 49 ، 59 ، 69 ، 79",4429.0,,BUY,4429.0,4409.0,4439.0,5,-20.0,-20.0,sl,sl_full,,,,0.5,1.5,21.23,-118.22
2026-08-12T15:14:39+00:00,"29 و 19 خرید 
استاپ 9
تی پی 39 ، 49 ، 59 ، 69 ، 79",4419.0,,BUY,4419.0,4409.0,4439.0,5,-10.0,-10.0,sl,sl_full,,,,0.5,1.5,31.23,-108.22
2026-08-13T09:24:05+00:00,"78 و 68 خرید
استاپ 58
تی پی 88 ، 98 ، 408 ، 18 ، 28",4378.0,,BUY,4378.0,4358.0,4388.0,5,10.0,5.0,tp1,be,,,,0.5,1.5,38.36,-67.22
2026-08-13T09:24:05+00:00,"78 و 68 خرید
استاپ 58
تی پی 88 ، 98 ، 408 ، 18 ، 28",4368.0,,BUY,4368.0,4358.0,4388.0,5,20.0,10.0,tp1,be,,,,0.5,1.5,48.36,-57.22
2026-08-13T12:05:57+00:00,"88 و 98 فروش 
استاپ 408
تی پی 78 ، 68 ، 58 ، 48 ، 38",4388.0,,SELL,4388.0,4408.0,4378.0,5,10.0,5.0,tp1,be,,,,0.5,1.5,77.22,-28.36
2026-08-13T12:05:57+00:00,"88 و 98 فروش 
استاپ 408
تی پی 78 ، 68 ، 58 ، 48 ، 38",4398.0,,SELL,4398.0,4408.0,4378.0,5,20.0,40.0,tp1,final,,,,0.5,1.5,87.22,-18.36
2026-08-13T13:30:54+00:00,"89 و 84 خرید
استاپ 79
تی پی 94 ، 99 ، 404 ، 9 ، 14",4389.0,,BUY,4389.0,4379.0,4394.0,5,5.0,2.5,tp1,be,,,,0.5,1.5,27.36,-78.22
2026-08-13T13:30:54+00:00,"89 و 84 خرید
استاپ 79
تی پی 94 ، 99 ، 404 ، 9 ، 14",4384.0,,BUY,4384.0,4379.0,4394.0,5,10.0,5.0,tp1,be,,,,0.5,1.5,32.36,-73.22
2026-08-13T14:06:52+00:00,"82 و 92 فروش 
استاپ 402
تی پی 72 ، 62 ، 52 ، 42 ، 32",4382.0,,SELL,4382.0,4402.0,4372.0,5,-20.0,-20.0,sl,sl_full,,,,0.5,1.5,71.22,-34.36
2026-08-13T14:06:52+00:00,"82 و 92 فروش 
استاپ 402
تی پی 72 ، 62 ، 52 ، 42 ، 32",4392.0,,SELL,4392.0,4402.0,4372.0,5,-10.0,-10.0,sl,sl_full,,,,0.5,1.5,81.22,-24.36
2026-08-13T15:46:16+00:00,"69 و 79 فروش
استاپ 89
تی پی 59 ، 49 ، 39 ، 29 ، 19",4369.0,,SELL,4369.0,4389.0,4359.0,5,10.0,5.0,tp1,be,,,,0.5,1.5,58.22,-58.69
2026-08-13T15:46:16+00:00,"69 و 79 فروش
استاپ 89
تی پی 59 ، 49 ، 39 ، 29 ، 19",4379.0,,SELL,4379.0,4389.0,4359.0,5,-10.0,-10.0,sl,sl_full,,,,0.5,1.5,68.22,-48.69
2026-08-14T08:16:08+00:00,"47 و 37 خرید
استاپ 27
تی پی 57 ، 67 ، 77 ، 87 ، 97",4347.0,,BUY,4347.0,4327.0,4357.0,5,10.0,30.0,tp1,final,,,,0.5,1.5,90.39,-5.1
2026-08-14T08:16:08+00:00,"47 و 37 خرید
استاپ 27
تی پی 57 ، 67 ، 77 ، 87 ، 97",4337.0,,BUY,4337.0,4327.0,4357.0,5,20.0,40.0,tp1,final,,,,0.5,1.5,100.39,-9.01
2026-08-14T11:32:06+00:00,"57 و 52 خرید
استاپ 47
تی پی 62 ، 67 ، 72 ، 77 ، 82",4357.0,,BUY,4357.0,4347.0,4362.0,5,5.0,15.0,tp1,final,,,,0.5,1.5,80.39,-8.69
2026-08-14T11:32:06+00:00,"57 و 52 خرید
استاپ 47
تی پی 62 ، 67 ، 72 ، 77 ، 82",4352.0,,BUY,4352.0,4347.0,4362.0,5,10.0,20.0,tp1,final,,,,0.5,1.5,85.39,-3.69
2026-08-14T12:28:24+00:00,"77 و 72 خرید
استاپ 67
تی پی 82 ، 87 ، 92 ، 97 ، 402",4377.0,,BUY,4377.0,4367.0,4382.0,5,5.0,2.5,tp1,be,,,,0.5,1.5,60.39,-9.72
2026-08-14T12:28:24+00:00,"77 و 72 خرید
استاپ 67
تی پی 82 ، 87 ، 92 ، 97 ، 402",4372.0,,BUY,4372.0,4367.0,4382.0,5,-5.0,-5.0,sl,sl_full,,,,0.5,1.5,65.39,-6.33
2026-08-14T13:11:38+00:00,"80 و 75 خرید 
استاپ 70
تی پی 85 ، 90 ، 95 ، 400 ، 405",4380.0,,BUY,4380.0,4370.0,4385.0,5,5.0,2.5,tp1,be,,,,0.5,1.5,57.39,-12.72
2026-08-14T13:11:38+00:00,"80 و 75 خرید 
استاپ 70
تی پی 85 ، 90 ، 95 ، 400 ، 405",4375.0,,BUY,4375.0,4370.0,4385.0,5,-5.0,-5.0,sl,sl_full,,,,0.5,1.5,62.39,-9.33
2026-08-14T15:15:27+00:00,"93 و 83 خرید 
استاپ 73
تی پی 403 ، 13 ، 23 ، 33 ، 43",4393.0,,BUY,4393.0,4373.0,4403.0,5,-20.0,-20.0,sl,sl_full,,,,0.5,1.5,44.39,-25.72
2026-08-14T15:15:27+00:00,"93 و 83 خرید 
استاپ 73
تی پی 403 ، 13 ، 23 ، 33 ، 43",4383.0,,BUY,4383.0,4373.0,4403.0,5,-10.0,-10.0,sl,sl_full,,,,0.5,1.5,54.39,-15.72
2026-08-17T07:05:06+00:00,"401 و 396 خرید
استاپ 391
تی پی 406 ، 11 ، 16 ، 21 ، 26",4401.0,,BUY,4401.0,4391.0,4406.0,5,5.0,2.5,tp1,be,,,,0.5,1.5,36.39,-76.42
2026-08-17T07:05:06+00:00,"401 و 396 خرید
استاپ 391
تی پی 406 ، 11 ، 16 ، 21 ، 26",4396.0,,BUY,4396.0,4391.0,4406.0,5,-5.0,-5.0,sl,sl_full,,,,0.5,1.5,41.39,-71.42
2026-08-17T07:54:55+00:00,"404 و 399 خرید
استاپ 394
تی پی 409 ، 14 ، 19 ، 24 ، 29",4404.0,,BUY,4404.0,4394.0,4409.0,5,5.0,2.5,tp1,be,,,,0.5,1.5,33.39,-79.42
2026-08-17T07:54:55+00:00,"404 و 399 خرید
استاپ 394
تی پی 409 ، 14 ، 19 ، 24 ، 29",4399.0,,BUY,4399.0,4394.0,4409.0,5,-5.0,-5.0,sl,sl_full,,,,0.5,1.5,38.39,-74.42
2026-08-17T10:04:40+00:00,"93 و 88 خرید
استاپ 83
تی پی 98 ، 403 ، 8 ، 13 ، 18",4393.0,,BUY,4393.0,4383.0,4398.0,5,5.0,2.5,tp1,be,,,,0.5,1.5,44.39,-68.42
2026-08-17T10:04:40+00:00,"93 و 88 خرید
استاپ 83
تی پی 98 ، 403 ، 8 ، 13 ، 18",4388.0,,BUY,4388.0,4383.0,4398.0,5,-5.0,-5.0,sl,sl_full,,,,0.5,1.5,49.39,-63.42
2026-08-17T10:48:02+00:00,"98 و 93 خرید
استاپ 88
تی پی 403 ، 8 ، 13 ، 18 ، 23",4398.0,,BUY,4398.0,4388.0,4403.0,5,5.0,2.5,tp1,be,,,,0.5,1.5,39.39,-73.42
2026-08-17T10:48:02+00:00,"98 و 93 خرید
استاپ 88
تی پی 403 ، 8 ، 13 ، 18 ، 23",4393.0,,BUY,4393.0,4388.0,4403.0,5,10.0,5.0,tp1,be,,,,0.5,1.5,44.39,-68.42
2026-08-17T11:38:58+00:00,"404 و 399 خرید
استاپ 394
تی پی 409 ، 14 ، 19 ، 24 ، 29",4404.0,,BUY,4404.0,4394.0,4409.0,5,-10.0,-10.0,sl,sl_full,,,,0.5,1.5,33.39,-79.42
2026-08-17T11:38:58+00:00,"404 و 399 خرید
استاپ 394
تی پی 409 ، 14 ، 19 ، 24 ، 29",4399.0,,BUY,4399.0,4394.0,4409.0,5,-5.0,-5.0,sl,sl_full,,,,0.5,1.5,38.39,-74.42
2026-08-17T12:23:02+00:00,"393 و 403 فروش
استاپ 413
تی پی 383 ، 73 ، 63 ، 53 ، 43",4393.0,,SELL,4393.0,4413.0,4383.0,5,10.0,5.0,tp1,be,,,,0.5,1.5,68.42,-44.39
2026-08-17T12:23:02+00:00,"393 و 403 فروش
استاپ 413
تی پی 383 ، 73 ، 63 ، 53 ، 43",4403.0,,SELL,4403.0,4413.0,4383.0,5,20.0,10.0,tp1,be,,,,0.5,1.5,78.42,-34.39
2026-08-17T13:17:40+00:00,"83 و 93 فروش
استاپ 403
تی پی 73 ، 63 ، 53 ، 43 ، 33",4383.0,,SELL,4383.0,4403.0,4373.0,5,-20.0,-20.0,sl,sl_full,,,,0.5,1.5,58.42,-54.39
2026-08-17T13:17:40+00:00,"83 و 93 فروش
استاپ 403
تی پی 73 ، 63 ، 53 ، 43 ، 33",4393.0,,SELL,4393.0,4403.0,4373.0,5,-10.0,-10.0,sl,sl_full,,,,0.5,1.5,68.42,-44.39
2026-08-17T13:54:40+00:00,"401 و 391 خرید
استاپ 381
تی پی 411 ، 21 ، 31 ، 41 ، 51",4401.0,,BUY,4401.0,4381.0,4411.0,5,-20.0,-20.0,sl,sl_full,,,,0.5,1.5,36.39,-76.42
2026-08-17T13:54:40+00:00,"401 و 391 خرید
استاپ 381
تی پی 411 ، 21 ، 31 ، 41 ، 51",4391.0,,BUY,4391.0,4381.0,4411.0,5,-10.0,-10.0,sl,sl_full,,,,0.5,1.5,46.39,-66.42
2026-08-18T07:45:21+00:00,"401 و 391 خرید
استاپ 381
تی پی 411 ، 21 ، 31 ، 41 ، 51",4401.0,,BUY,4401.0,4381.0,4411.0,5,-20.0,-20.0,sl,sl_full,,,,0.5,1.5,126.37,-76.42
2026-08-18T07:45:21+00:00,"401 و 391 خرید
استاپ 381
تی پی 411 ، 21 ، 31 ، 41 ، 51",4391.0,,BUY,4391.0,4381.0,4411.0,5,-10.0,-10.0,sl,sl_full,,,,0.5,1.5,136.37,-66.42
2026-08-18T11:18:23+00:00,"92 و 97 فروش
استاپ 402
تی پی 87 ، 82 ، 77 ، 72 ، 67",4392.0,,SELL,4392.0,4402.0,4387.0,5,5.0,2.5,tp1,be,,,,0.5,1.5,67.42,-135.37
2026-08-18T11:18:23+00:00,"92 و 97 فروش
استاپ 402
تی پی 87 ، 82 ، 77 ، 72 ، 67",4397.0,,SELL,4397.0,4402.0,4387.0,5,10.0,5.0,tp1,be,,,,0.5,1.5,72.42,-130.37
2026-08-18T13:23:22+00:00,"89 و 94 فروش
استاپ 99
تی پی 84 ، 79 ، 74 ، 69 ، 64",4389.0,,SELL,4389.0,4399.0,4384.0,5,-10.0,-10.0,sl,sl_full,,,,0.5,1.5,64.42,-138.37
2026-08-18T13:23:22+00:00,"89 و 94 فروش
استاپ 99
تی پی 84 ، 79 ، 74 ، 69 ، 64",4394.0,,SELL,4394.0,4399.0,4384.0,5,-5.0,-5.0,sl,sl_full,,,,0.5,1.5,69.42,-133.37
2026-08-18T13:39:48+00:00,"401 و 391 خرید
استاپ 381
تی پی 411 ، 21 ، 31 ، 41 ، 51",4401.0,,BUY,4401.0,4381.0,4411.0,5,-20.0,-20.0,sl,sl_full,,,,0.5,1.5,126.37,-76.42
2026-08-18T13:39:48+00:00,"401 و 391 خرید
استاپ 381
تی پی 411 ، 21 ، 31 ، 41 ، 51",4391.0,,BUY,4391.0,4381.0,4411.0,5,-10.0,-10.0,sl,sl_full,,,,0.5,1.5,136.37,-66.42
2026-08-18T14:45:39+00:00,"82 و 92 فروش
استاپ 402
تی پی 72 ، 62 ، 52 ، 42 ، 32",4382.0,,SELL,4382.0,4402.0,4372.0,5,-20.0,-20.0,sl,sl_full,,,,0.5,1.5,57.42,-145.37
2026-08-18T14:45:39+00:00,"82 و 92 فروش
استاپ 402
تی پی 72 ، 62 ، 52 ، 42 ، 32",4392.0,,SELL,4392.0,4402.0,4372.0,5,-10.0,-10.0,sl,sl_full,,,,0.5,1.5,67.42,-135.37
2026-08-19T08:11:42+00:00,"60 و 55 خرید
استاپ 50
تی پی 65 ، 70 ، 75 ، 80 ، 85",4360.0,,BUY,4360.0,4350.0,4365.0,5,5.0,15.0,tp1,final,,,,0.5,1.5,207.67,-8.84
2026-08-19T08:11:42+00:00,"60 و 55 خرید
استاپ 50
تی پی 65 ، 70 ، 75 ، 80 ، 85",4355.0,,BUY,4355.0,4350.0,4365.0,5,10.0,20.0,tp1,final,,,,0.5,1.5,212.67,-3.84
2026-08-19T09:21:00+00:00,"54 و 44 خرید 
استاپ 34
تی پی 64 ، 74 ، 84 ، 94 ، 404",4354.0,,BUY,4354.0,4334.0,4364.0,5,10.0,30.0,tp1,final,,,,0.5,1.5,225.21,-5.03
2026-08-19T09:21:00+00:00,"54 و 44 خرید 
استاپ 34
تی پی 64 ، 74 ، 84 ، 94 ، 404",4344.0,,BUY,4344.0,4334.0,4364.0,5,20.0,40.0,tp1,final,,,,0.5,1.5,235.21,-6.87
2026-08-19T11:13:35+00:00,"73 و 68 خرید 
استاپ 63
تی پی 78 ، 83 ، 88 ، 93 ، 98",4373.0,,BUY,4373.0,4363.0,4378.0,5,-10.0,-10.0,sl,sl_full,,,,0.5,1.5,229.1,-10.93
2026-08-19T11:13:35+00:00,"73 و 68 خرید 
استاپ 63
تی پی 78 ، 83 ، 88 ، 93 ، 98",4368.0,,BUY,4368.0,4363.0,4378.0,5,-5.0,-5.0,sl,sl_full,,,,0.5,1.5,234.1,-5.93
2026-08-19T12:08:35+00:00,"66 و 56 خرید
استاپ 46
تی پی 76 ، 86 ، 96 ، 406 ، 16",4366.0,,BUY,4366.0,4346.0,4376.0,5,10.0,30.0,tp1,final,,,,0.5,1.5,236.1,-3.93
2026-08-19T12:08:35+00:00,"66 و 56 خرید
استاپ 46
تی پی 76 ، 86 ، 96 ، 406 ، 16",4356.0,,BUY,4356.0,4346.0,4376.0,5,20.0,40.0,tp1,final,,,,0.5,1.5,246.1,-2.64
2026-08-19T13:50:36+00:00,"44 و 34 خرید 
استاپ 24
تی پی 54 ، 64 ، 74 ، 84 ، 94",4344.0,,BUY,4344.0,4324.0,4354.0,5,0.0,0.0,no_fill,no_fill,,,,0.5,1.5,0.0,0.0
2026-08-19T13:50:36+00:00,"44 و 34 خرید 
استاپ 24
تی پی 54 ، 64 ، 74 ، 84 ، 94",4334.0,,BUY,4334.0,4324.0,4354.0,5,0.0,0.0,no_fill,no_fill,,,,0.5,1.5,0.0,0.0
2026-08-19T14:03:14+00:00,"58 و 48 خرید
استاپ 38
تی پی 68 ، 78 ، 88 ، 98 ، 508",4358.0,,BUY,4358.0,4338.0,4368.0,5,0.0,0.0,no_fill,no_fill,,,,0.5,2.5,0.0,0.0
2026-08-19T14:03:14+00:00,"58 و 48 خرید
استاپ 38
تی پی 68 ، 78 ، 88 ، 98 ، 508",4348.0,,BUY,4348.0,4338.0,4368.0,5,0.0,0.0,no_fill,no_fill,,,,0.5,2.5,0.0,0.0
2026-08-19T14:59:49+00:00,"88 و 78 خرید
استاپ 68
تی پی 98 ، 508 ، 18 ، 28 ، 38",4388.0,,BUY,4388.0,4368.0,4398.0,5,10.0,5.0,tp1,be,,,,0.5,2.5,216.88,-5.17
2026-08-19T14:59:49+00:00,"88 و 78 خرید
استاپ 68
تی پی 98 ، 508 ، 18 ، 28 ، 38",4378.0,,BUY,4378.0,4368.0,4398.0,5,20.0,40.0,tp1,final,,,,0.5,2.5,226.88,-9.42
2026-08-20T08:44:59+00:00,"91 و 81 خرید 
استاپ 71
تی پی 501 ، 11 ، 21 ، 31 ، 41",4491.0,,BUY,4491.0,4471.0,4501.0,5,-20.0,-20.0,sl,sl_full,,,,0.5,1.5,169.14,-40.43
2026-08-20T08:44:59+00:00,"91 و 81 خرید 
استاپ 71
تی پی 501 ، 11 ، 21 ، 31 ، 41",4481.0,,BUY,4481.0,4471.0,4501.0,5,-10.0,-10.0,sl,sl_full,,,,0.5,1.5,179.14,-30.43
2026-08-20T10:46:13+00:00,"89 و 84 خرید
استاپ 79
تی پی 94 ، 99 ، 504 ، 9 ، 14",4489.0,,BUY,4489.0,4479.0,4494.0,5,5.0,2.5,tp1,be,,,,0.5,1.5,171.14,-38.43
2026-08-20T10:46:13+00:00,"89 و 84 خرید
استاپ 79
تی پی 94 ، 99 ، 504 ، 9 ، 14",4484.0,,BUY,4484.0,4479.0,4494.0,5,10.0,5.0,tp1,be,,,,0.5,1.5,176.14,-33.43
2026-08-20T11:47:43+00:00,"70 و 80 فروش 
استاپ 90
تی پی 60 ، 50 ، 40 ، 30 ، 20",4470.0,,SELL,4470.0,4490.0,4460.0,5,10.0,5.0,tp1,be,,,,0.5,1.5,19.43,-190.14
2026-08-20T11:47:43+00:00,"70 و 80 فروش 
استاپ 90
تی پی 60 ، 50 ، 40 ، 30 ، 20",4480.0,,SELL,4480.0,4490.0,4460.0,5,20.0,10.0,tp1,be,,,,0.5,1.5,29.43,-180.14
2026-08-20T13:19:01+00:00,"75 و 85 فروش
استاپ 95
تی پی 65 ، 55 ، 45 ، 35 ، 25",4475.0,,SELL,4475.0,4495.0,4465.0,5,10.0,5.0,tp1,be,,,,0.5,1.5,24.43,-195.27
2026-08-20T13:19:01+00:00,"75 و 85 فروش
استاپ 95
تی پی 65 ، 55 ، 45 ، 35 ، 25",4485.0,,SELL,4485.0,4495.0,4465.0,5,20.0,10.0,tp1,be,,,,0.5,1.5,34.43,-185.27
2026-08-20T14:28:18+00:00,"85 و 75 خرید 
استاپ 65
تی پی 95 ، 505 ، 15 ، 25 ، 35",4485.0,,BUY,4485.0,4465.0,4495.0,5,-20.0,-20.0,sl,sl_full,,,,0.5,1.5,193.59,-34.43
2026-08-20T14:28:18+00:00,"85 و 75 خرید 
استاپ 65
تی پی 95 ، 505 ، 15 ، 25 ، 35",4475.0,,BUY,4475.0,4465.0,4495.0,5,-10.0,-10.0,sl,sl_full,,,,0.5,1.5,203.59,-24.43
2026-08-20T14:44:04+00:00,"99 و 89 خرید 
استاپ 79
تی پی 509 ، 19 ، 29 ، 39 ، 49",4499.0,,BUY,4499.0,4479.0,4509.0,5,10.0,5.0,tp1,be,,,,0.5,1.5,181.97,-5.95
2026-08-20T14:44:04+00:00,"99 و 89 خرید 
استاپ 79
تی پی 509 ، 19 ، 29 ، 39 ، 49",4489.0,,BUY,4489.0,4479.0,4509.0,5,20.0,40.0,tp1,final,,,,0.5,1.5,191.97,-9.79
2026-08-21T08:28:01+00:00,"80 و 70 خرید 
استاپ 60
تی پی 590 ، 600 ، 610 ، 20 ، 30",4480.0,,BUY,4480.0,4460.0,4590.0,5,0.0,0.0,no_fill,no_fill,,,,5.5,4.5,0.0,0.0
2026-08-21T08:28:01+00:00,"80 و 70 خرید 
استاپ 60
تی پی 590 ، 600 ، 610 ، 20 ، 30",4470.0,,BUY,4470.0,4460.0,4590.0,5,0.0,0.0,no_fill,no_fill,,,,5.5,4.5,0.0,0.0
2026-08-21T10:39:21+00:00,"92 و 82 خرید 
استاپ 72
تی پی 602 ، 12 ، 22 ، 32 ، 42",4492.0,,BUY,4492.0,4472.0,4602.0,5,0.0,0.0,no_fill,no_fill,,,,5.5,2.5,0.0,0.0
2026-08-21T10:39:21+00:00,"92 و 82 خرید 
استاپ 72
تی پی 602 ، 12 ، 22 ، 32 ، 42",4482.0,,BUY,4482.0,4472.0,4602.0,5,0.0,0.0,no_fill,no_fill,,,,5.5,2.5,0.0,0.0
2026-08-21T13:03:23+00:00,"81 و 71 خرید 
استاپ 61
تی پی 91 ، 601 ، 11 ، 21 ، 31",4581.0,,BUY,4581.0,4561.0,4591.0,5,10.0,5.0,tp1,be,,,,0.5,1.5,116.2,-17.5
2026-08-21T13:03:23+00:00,"81 و 71 خرید 
استاپ 61
تی پی 91 ، 601 ، 11 ، 21 ، 31",4571.0,,BUY,4571.0,4561.0,4591.0,5,20.0,40.0,tp1,final,,,,0.5,1.5,126.2,-7.5
2026-08-21T14:42:37+00:00,"88 و 98 فروش 
استاپ 608
تی پی 78 ، 68 ، 58 ، 48 ، 38",4588.0,,SELL,4588.0,4608.0,4578.0,5,10.0,5.0,tp1,be,,,,0.5,1.5,24.5,-109.2
2026-08-21T14:42:37+00:00,"88 و 98 فروش 
استاپ 608
تی پی 78 ، 68 ، 58 ، 48 ، 38",4598.0,,SELL,4598.0,4608.0,4578.0,5,20.0,10.0,tp1,be,,,,0.5,1.5,34.5,-99.2
2026-08-21T15:39:42+00:00,"605 و 595 خرید
استاپ 585
تی پی 615 ، 25 ، 35 ، 45 ، 55",4605.0,,BUY,4605.0,4585.0,4615.0,5,10.0,5.0,tp1,be,,,,0.5,1.5,92.2,-10.7
2026-08-21T15:39:42+00:00,"605 و 595 خرید
استاپ 585
تی پی 615 ، 25 ، 35 ، 45 ، 55",4595.0,,BUY,4595.0,4585.0,4615.0,5,-10.0,-10.0,sl,sl_full,,,,0.5,1.5,102.2,-14.54
2026-08-24T08:16:47+00:00,"32 و 22 خرید 
استاپ 12
تی پی 42 ، 52 ، 62 ، 72 ، 82",4632.0,,BUY,4632.0,4612.0,4642.0,5,10.0,5.0,tp1,be,,,,0.5,1.5,65.2,-26.79
2026-08-24T08:16:47+00:00,"32 و 22 خرید 
استاپ 12
تی پی 42 ، 52 ، 62 ، 72 ، 82",4622.0,,BUY,4622.0,4612.0,4642.0,5,20.0,10.0,tp1,be,,,,0.5,1.5,51.74,-16.79
2026-08-24T08:28:03+00:00,"32 و 22 خرید 
استاپ 12
تی پی 42 ، 52 ، 62 ، 72 ، 82",4632.0,,BUY,4632.0,4612.0,4642.0,5,10.0,5.0,tp1,be,,,,0.5,1.5,65.2,-26.79
2026-08-24T08:28:03+00:00,"32 و 22 خرید 
استاپ 12
تی پی 42 ، 52 ، 62 ، 72 ، 82",4622.0,,BUY,4622.0,4612.0,4642.0,5,20.0,10.0,tp1,be,,,,0.5,1.5,51.74,-16.79
2026-08-24T10:00:26+00:00,"46 و 36 خرید
استاپ 26
تی پی 56 ، 66 ، 76 ، 86 ، 96",4646.0,,BUY,4646.0,4626.0,4656.0,5,10.0,5.0,tp1,be,,,,0.5,1.5,51.2,-40.79
2026-08-24T10:00:26+00:00,"46 و 36 خرید
استاپ 26
تی پی 56 ، 66 ، 76 ، 86 ، 96",4636.0,,BUY,4636.0,4626.0,4656.0,5,20.0,10.0,tp1,be,,,,0.5,1.5,61.2,-30.79
2026-08-24T12:34:30+00:00,"54 و 44 خرید 
استاپ 34
تی پی 64 ، 74 ، 84 ، 94 ، 704",4654.0,,BUY,4654.0,4634.0,4664.0,5,10.0,5.0,tp1,be,,,,0.5,1.5,43.2,-48.79
2026-08-24T12:34:30+00:00,"54 و 44 خرید 
استاپ 34
تی پی 64 ، 74 ، 84 ، 94 ، 704",4644.0,,BUY,4644.0,4634.0,4664.0,5,20.0,10.0,tp1,be,,,,0.5,1.5,53.2,-38.79
2026-08-24T14:47:52+00:00,"70 و 60 خرید 
استاپ 50
تی پی 80 ، 90 ، 700 ، 10 ، 20",4670.0,,BUY,4670.0,4650.0,4680.0,5,10.0,5.0,tp1,be,,,,0.5,1.5,27.2,-72.07
2026-08-24T14:47:52+00:00,"70 و 60 خرید 
استاپ 50
تی پی 80 ، 90 ، 700 ، 10 ، 20",4660.0,,BUY,4660.0,4650.0,4680.0,5,-10.0,-10.0,sl,sl_full,,,,0.5,1.5,37.2,-62.07
2026-08-25T08:03:37+00:00,"28 و 38 فروش 
استاپ 48
تی پی 18 ، 8 ، 598 ، 88 ، 78",4628.0,,SELL,4628.0,4648.0,4618.0,5,10.0,5.0,tp1,be,,,,0.5,1.5,45.02,-45.74
2026-08-25T08:03:37+00:00,"28 و 38 فروش 
استاپ 48
تی پی 18 ، 8 ، 598 ، 88 ، 78",4638.0,,SELL,4638.0,4648.0,4618.0,5,-10.0,-10.0,sl,sl_full,,,,0.5,1.5,55.02,-35.74
2026-08-25T10:47:03+00:00,"39 و 29 خرید 
استاپ 19
تی پی 49 ، 59 ، 69 ، 79 ، 89",4639.0,,BUY,4639.0,4619.0,4649.0,5,-20.0,-20.0,sl,sl_full,,,,0.5,1.5,34.74,-60.84
2026-08-25T10:47:03+00:00,"39 و 29 خرید 
استاپ 19
تی پی 49 ، 59 ، 69 ، 79 ، 89",4629.0,,BUY,4629.0,4619.0,4649.0,5,-10.0,-10.0,sl,sl_full,,,,0.5,1.5,44.74,-50.84
2026-08-25T12:23:14+00:00,"34 و 44 فروش
استاپ 54
تی پی 24 ، 14 ، 4 ، 594 ، 84",4634.0,,SELL,4634.0,4654.0,4624.0,5,10.0,5.0,tp1,be,,,,0.5,1.5,64.96,-39.74
2026-08-25T12:23:14+00:00,"34 و 44 فروش
استاپ 54
تی پی 24 ، 14 ، 4 ، 594 ، 84",4644.0,,SELL,4644.0,4654.0,4624.0,5,20.0,10.0,tp1,be,,,,0.5,1.5,74.96,-29.74
2026-08-25T14:17:19+00:00,"22 و 12 خرید 
استاپ 2
تی پی 32 ، 42 ، 52 ، 62 ، 72",4622.0,,BUY,4622.0,4602.0,4632.0,5,10.0,30.0,tp1,final,,,,0.5,1.5,51.74,-52.96
2026-08-25T14:17:19+00:00,"22 و 12 خرید 
استاپ 2
تی پی 32 ، 42 ، 52 ، 62 ، 72",4612.0,,BUY,4612.0,4602.0,4632.0,5,20.0,40.0,tp1,final,,,,0.5,1.5,61.74,-42.96
2026-08-26T08:01:45+00:00,"27 و 17 خرید 
استاپ 7
تی پی 37 ، 47 ، 57 ، 67 ، 77",4627.0,,BUY,4627.0,4607.0,4637.0,5,10.0,5.0,tp1,be,,,,0.5,1.5,16.42,-61.82
2026-08-26T08:01:45+00:00,"27 و 17 خرید 
استاپ 7
تی پی 37 ، 47 ، 57 ، 67 ، 77",4617.0,,BUY,4617.0,4607.0,4637.0,5,-10.0,-10.0,sl,sl_full,,,,0.5,1.5,26.42,-51.82
2026-08-26T10:48:15+00:00,"22 و 12 خرید 
استاپ 2
تی پی 32 ، 42 ، 52 ، 62 ، 72",4622.0,,BUY,4622.0,4602.0,4632.0,5,10.0,5.0,tp1,be,,,,0.5,1.5,21.42,-56.82
2026-08-26T10:48:15+00:00,"22 و 12 خرید 
استاپ 2
تی پی 32 ، 42 ، 52 ، 62 ، 72",4612.0,,BUY,4612.0,4602.0,4632.0,5,-10.0,-10.0,sl,sl_full,,,,0.5,1.5,31.42,-46.82
2026-08-26T12:32:31+00:00,"16 و 26 فروش 
استاپ 36
تی پی 6 ، 596 ، 86 ، 76 ، 66",4616.0,,SELL,4616.0,4636.0,4606.0,5,10.0,5.0,tp1,be,,,,0.5,1.5,50.82,-27.42
2026-08-26T12:32:31+00:00,"16 و 26 فروش 
استاپ 36
تی پی 6 ، 596 ، 86 ، 76 ، 66",4626.0,,SELL,4626.0,4636.0,4606.0,5,20.0,10.0,tp1,be,,,,0.5,1.5,60.82,-17.42
2026-08-26T13:05:05+00:00,"12 و 22 فروش 
استاپ 32
تی پی 2 ، 592 ، 82 ، 72 ، 62",4612.0,,SELL,4612.0,4632.0,4602.0,5,10.0,5.0,tp1,be,,,,0.5,1.5,46.82,-31.42
2026-08-26T13:05:05+00:00,"12 و 22 فروش 
استاپ 32
تی پی 2 ، 592 ، 82 ، 72 ، 62",4622.0,,SELL,4622.0,4632.0,4602.0,5,-10.0,-10.0,sl,sl_full,,,,0.5,1.5,56.82,-21.42
2026-08-26T14:15:23+00:00,"20 و 10 خرید 
استاپ 600
تی پی 30 ، 40 ، 50 ، 60 ، 70",4620.0,,BUY,4620.0,4600.0,4630.0,5,10.0,5.0,tp1,be,,,,0.5,1.5,23.42,-54.82
2026-08-26T14:15:23+00:00,"20 و 10 خرید 
استاپ 600
تی پی 30 ، 40 ، 50 ، 60 ، 70",4610.0,,BUY,4610.0,4600.0,4630.0,5,-10.0,-10.0,sl,sl_full,,,,0.5,1.5,33.42,-44.82
2026-08-26T15:10:47+00:00,"600 و 610 فروش
استاپ 620
تی پی 590 ، 80 ، 70 ، 60 ، 50",4600.0,,SELL,4600.0,4620.0,4590.0,5,-20.0,-20.0,sl,sl_full,,,,0.5,1.5,56.21,-43.42
2026-08-26T15:10:47+00:00,"600 و 610 فروش
استاپ 620
تی پی 590 ، 80 ، 70 ، 60 ، 50",4610.0,,SELL,4610.0,4620.0,4590.0,5,-10.0,-10.0,sl,sl_full,,,,0.5,1.5,66.21,-33.42
2026-08-26T15:50:53+00:00,"8 و 18 فروش
استاپ 28
تی پی 598 ، 88 ، 78 ، 68 ، 58",4618.0,,SELL,4618.0,4628.0,4598.0,5,20.0,10.0,tp1,be,,,,2.0,4.0,87.96,-25.42
2026-08-26T15:50:53+00:00,"8 و 18 فروش
استاپ 28
تی پی 598 ، 88 ، 78 ، 68 ، 58",4608.0,,SELL,4608.0,4628.0,4598.0,5,10.0,5.0,tp1,be,,,,2.0,4.0,77.96,-35.42
2026-08-27T08:25:38+00:00,"603 و 598 خرید
استاپ 593
تی پی 608 ، 13 ، 18 ، 23 ، 28",4603.0,,BUY,4603.0,4593.0,4608.0,5,5.0,2.5,tp1,be,,,,0.5,1.5,28.7,-206.61
2026-08-27T08:25:38+00:00,"603 و 598 خرید
استاپ 593
تی پی 608 ، 13 ، 18 ، 23 ، 28",4598.0,,BUY,4598.0,4593.0,4608.0,5,-5.0,-5.0,sl,sl_full,,,,0.5,1.5,33.7,-201.61
2026-08-27T09:44:13+00:00,"83 و 93 فروش 
استاپ 603
تی پی 73 ، 63 ، 53 ، 43 ، 33",4583.0,,SELL,4583.0,4603.0,4573.0,5,10.0,5.0,tp1,be,,,,0.5,1.5,186.61,-48.7
2026-08-27T09:44:13+00:00,"83 و 93 فروش 
استاپ 603
تی پی 73 ، 63 ، 53 ، 43 ، 33",4593.0,,SELL,4593.0,4603.0,4573.0,5,20.0,10.0,tp1,be,,,,0.5,1.5,196.61,-38.7
2026-08-27T10:30:23+00:00,"81 و 91 فروش
استاپ 601
تی پی 71 ، 61 ، 51 ، 41 ، 31",4581.0,,SELL,4581.0,4601.0,4571.0,5,10.0,5.0,tp1,be,,,,0.5,1.5,184.61,-50.7
2026-08-27T10:30:23+00:00,"81 و 91 فروش
استاپ 601
تی پی 71 ، 61 ، 51 ، 41 ، 31",4591.0,,SELL,4591.0,4601.0,4571.0,5,20.0,10.0,tp1,be,,,,0.5,1.5,194.61,-40.7
2026-08-27T13:35:16+00:00,"78 و 88 فروش 
استاپ 98
تی پی 68 ، 58 ، 48 ، 38 ، 28",4578.0,,SELL,4578.0,4598.0,4568.0,5,-20.0,-20.0,sl,sl_full,,,,0.5,1.5,181.61,-53.7
2026-08-27T13:35:16+00:00,"78 و 88 فروش 
استاپ 98
تی پی 68 ، 58 ، 48 ، 38 ، 28",4588.0,,SELL,4588.0,4598.0,4568.0,5,-10.0,-10.0,sl,sl_full,,,,0.5,1.5,191.61,-43.7
2026-08-27T14:05:07+00:00,"77 و 87 فروش
استاپ 97
تی پی 67 ، 57 ، 47 ، 37 ، 27",4577.0,,SELL,4577.0,4597.0,4567.0,5,10.0,5.0,tp1,be,,,,0.5,1.5,180.61,-54.7
2026-08-27T14:05:07+00:00,"77 و 87 فروش
استاپ 97
تی پی 67 ، 57 ، 47 ، 37 ، 27",4587.0,,SELL,4587.0,4597.0,4567.0,5,20.0,10.0,tp1,be,,,,0.5,1.5,190.61,-44.7
2026-08-27T15:12:34+00:00,"90 و 80 خرید 
استاپ 70
تی پی 600 ، 10 ، 20 ، 30 ، 40",4590.0,,BUY,4590.0,4570.0,4600.0,5,-20.0,-20.0,sl,sl_full,,,,0.5,1.5,41.7,-193.61
2026-08-27T15:12:34+00:00,"90 و 80 خرید 
استاپ 70
تی پی 600 ، 10 ، 20 ، 30 ، 40",4580.0,,BUY,4580.0,4570.0,4600.0,5,-10.0,-10.0,sl,sl_full,,,,0.5,1.5,51.7,-183.61
2026-08-28T08:31:55+00:00,"609 و 604 خرید
استاپ 599
تی پی 614 ، 19 ، 24 ، 29 ، 34",4609.0,,BUY,4609.0,4599.0,4614.0,5,-10.0,-10.0,sl,sl_full,,,,0.5,1.5,22.7,-212.61
2026-08-28T08:31:55+00:00,"609 و 604 خرید
استاپ 599
تی پی 614 ، 19 ، 24 ، 29 ، 34",4604.0,,BUY,4604.0,4599.0,4614.0,5,-5.0,-5.0,sl,sl_full,,,,0.5,1.5,27.7,-207.61
2026-08-28T11:02:59+00:00,"600 و 605 فروش
استاپ 610
تی پی 595 ، 90 ، 85 ، 80 ، 75",4600.0,,SELL,4600.0,4610.0,4595.0,5,5.0,2.5,tp1,be,,,,0.5,1.5,235.9,-31.7
2026-08-28T11:02:59+00:00,"600 و 605 فروش
استاپ 610
تی پی 595 ، 90 ، 85 ، 80 ، 75",4605.0,,SELL,4605.0,4610.0,4595.0,5,10.0,5.0,tp1,be,,,,0.5,1.5,240.9,-26.7
2026-08-28T12:53:49+00:00,"595 و 600 فروش
استاپ 605
تی پی 590 ، 85 ، 80 ، 75 ، 70",4595.0,,SELL,4595.0,4605.0,4590.0,5,5.0,2.5,tp1,be,,,,0.5,1.5,230.9,-36.7
2026-08-28T12:53:49+00:00,"595 و 600 فروش
استاپ 605
تی پی 590 ، 85 ، 80 ، 75 ، 70",4600.0,,SELL,4600.0,4605.0,4590.0,5,10.0,5.0,tp1,be,,,,0.5,1.5,235.9,-31.7
2026-08-28T13:54:59+00:00,"610 و 600 خرید
استاپ 590
تی پی 620 ، 30 ، 40 ، 50 ، 60",4610.0,,BUY,4610.0,4590.0,4620.0,5,10.0,5.0,tp1,be,neutral,skip,3.5,0.5,1.5,21.7,-257.98
2026-08-28T13:54:59+00:00,"610 و 600 خرید
استاپ 590
تی پی 620 ، 30 ، 40 ، 50 ، 60",4600.0,,BUY,4600.0,4590.0,4620.0,5,-10.0,-10.0,sl,sl_full,neutral,skip,3.5,0.5,1.5,31.7,-247.98
2026-08-28T14:25:29+00:00,"61 و 71 فروش
استاپ 81
تی پی 51 ، 41 ، 31 ، 21 ، 11",4561.0,,SELL,4561.0,4581.0,4551.0,5,-20.0,-20.0,sl,sl_full,neutral,skip,3.5,0.5,1.5,234.9,-22.01
2026-08-28T14:25:29+00:00,"61 و 71 فروش
استاپ 81
تی پی 51 ، 41 ، 31 ، 21 ، 11",4571.0,,SELL,4571.0,4581.0,4551.0,5,-10.0,-10.0,sl,sl_full,neutral,skip,3.5,0.5,1.5,244.9,-12.01
2026-08-31T10:12:42+00:00,"50 و 60 فروش 
استاپ 70
تی پی 40 ، 30 ، 20 ، 10 ، 400",4450.0,,SELL,4450.0,4470.0,4440.0,5,10.0,5.0,tp1,be,neutral,skip,3.5,0.5,1.5,167.49,-14.09
2026-08-31T10:12:42+00:00,"50 و 60 فروش 
استاپ 70
تی پی 40 ، 30 ، 20 ، 10 ، 400",4460.0,,SELL,4460.0,4470.0,4440.0,5,20.0,10.0,tp1,be,neutral,skip,3.5,0.5,1.5,177.49,-4.09
2026-08-31T12:36:10+00:00,"46 و 56 فروش
استاپ 66
تی پی 36 ، 26 ، 16 ، 406 ، 396",4446.0,,SELL,4446.0,4466.0,4436.0,5,10.0,5.0,tp1,be,neutral,skip,3.5,0.5,1.5,163.49,-18.09
2026-08-31T12:36:10+00:00,"46 و 56 فروش
استاپ 66
تی پی 36 ، 26 ، 16 ، 406 ، 396",4456.0,,SELL,4456.0,4466.0,4436.0,5,20.0,10.0,tp1,be,neutral,skip,3.5,0.5,1.5,173.49,-8.09
2026-08-31T14:06:59+00:00,"28 و 38 فروش
استاپ 48
تی پی 18 ، 408 ، 398 ، 88 ، 78",4428.0,,SELL,4428.0,4448.0,4418.0,5,10.0,5.0,tp1,be,bearish,skip,5.0,0.5,1.5,145.49,-33.49
2026-08-31T14:06:59+00:00,"28 و 38 فروش
استاپ 48
تی پی 18 ، 408 ، 398 ، 88 ، 78",4438.0,,SELL,4438.0,4448.0,4418.0,5,-10.0,-10.0,sl,sl_full,bearish,skip,5.0,0.5,1.5,155.49,-23.49
2026-08-31T15:11:16+00:00,"36 و 41 فروش
استاپ 46
تی پی 31 ، 26 ، 21 ، 16 ، 11",4436.0,,SELL,4436.0,4446.0,4431.0,5,-10.0,-10.0,sl,sl_full,bearish,skip,5.0,0.5,1.5,153.49,-25.49
2026-08-31T15:11:16+00:00,"36 و 41 فروش
استاپ 46
تی پی 31 ، 26 ، 21 ، 16 ، 11",4441.0,,SELL,4441.0,4446.0,4431.0,5,-5.0,-5.0,sl,sl_full,bearish,skip,5.0,0.5,1.5,158.49,-20.49
2026-09-01T07:46:43+00:00,"18 و 28 فروش
استاپ 38
تی پی 8 ، 398 ، 88 ، 78 ، 68",4418.0,,SELL,4418.0,4438.0,4408.0,5,10.0,5.0,tp1,be,bearish,skip,5.0,0.5,1.5,135.49,-22.35
2026-09-01T07:46:43+00:00,"18 و 28 فروش
استاپ 38
تی پی 8 ، 398 ، 88 ، 78 ، 68",4428.0,,SELL,4428.0,4438.0,4408.0,5,-10.0,-10.0,sl,sl_full,bearish,skip,5.0,0.5,1.5,145.49,-18.03
2026-09-01T11:01:51+00:00,"76 و 66 خرید 
استاپ 56
تی پی 86 ، 96 ، 406 ، 16 ، 26",4376.0,,BUY,4376.0,4356.0,4386.0,5,10.0,5.0,tp1,be,bearish,skip,2.0,0.5,1.5,67.77,-93.49
2026-09-01T11:01:51+00:00,"76 و 66 خرید 
استاپ 56
تی پی 86 ، 96 ، 406 ، 16 ، 26",4466.0,,BUY,4466.0,4356.0,4386.0,5,0.0,0.0,no_fill,no_fill,bearish,skip,2.0,0.5,1.5,0.0,0.0
2026-09-01T13:01:27+00:00,"51 و 61 فروش 
استاپ 71
تی پی 41 ، 31 ، 21 ، 11 ، 1",4451.0,,SELL,4451.0,4471.0,4441.0,5,0.0,0.0,no_fill,no_fill,bearish,skip,5.0,0.5,1.5,0.0,0.0
2026-09-01T13:01:27+00:00,"51 و 61 فروش 
استاپ 71
تی پی 41 ، 31 ، 21 ، 11 ، 1",4461.0,,SELL,4461.0,4471.0,4441.0,5,0.0,0.0,no_fill,no_fill,bearish,skip,5.0,0.5,1.5,0.0,0.0
2026-09-01T13:25:59+00:00,"40 و 50 فروش 
استاپ 60
تی پی 30 ، 20 ، 10 ، 300 ، 290",4440.0,,SELL,4440.0,4460.0,4430.0,5,10.0,5.0,tp1,be,bearish,skip,5.0,0.5,3.5,22.13,-10.47
2026-09-01T13:25:59+00:00,"40 و 50 فروش 
استاپ 60
تی پی 30 ، 20 ، 10 ، 300 ، 290",4450.0,,SELL,4450.0,4460.0,4430.0,5,0.0,0.0,open,never_tp1,bearish,skip,5.0,0.5,3.5,12.44,-0.47
2026-09-01T13:51:46+00:00,"62 و 72 فروش 
استاپ 82
تی پی 52 ، 42 ، 32 ، 22 ، 12",4362.0,,SELL,4362.0,4382.0,4352.0,5,10.0,5.0,tp1,be,neutral,skip,3.5,0.5,1.5,79.49,-130.22
2026-09-01T13:51:46+00:00,"62 و 72 فروش 
استاپ 82
تی پی 52 ، 42 ، 32 ، 22 ، 12",4372.0,,SELL,4372.0,4382.0,4352.0,5,20.0,10.0,tp1,be,neutral,skip,3.5,0.5,1.5,89.49,-120.22
2026-09-01T14:37:42+00:00,"70 و 60 خرید 
استاپ 50
تی پی 80 ، 90 ، 400 ، 10 ، 20",4370.0,,BUY,4370.0,4350.0,4380.0,5,-20.0,-20.0,sl,sl_full,bearish,skip,2.0,0.5,1.5,126.11,-87.49
2026-09-01T14:37:42+00:00,"70 و 60 خرید 
استاپ 50
تی پی 80 ، 90 ، 400 ، 10 ، 20",4360.0,,BUY,4360.0,4350.0,4380.0,5,-10.0,-10.0,sl,sl_full,bearish,skip,2.0,0.5,1.5,136.11,-77.49
2026-09-02T07:44:55+00:00,"22 و 17 خرید
استاپ 12
تی پی 27 ، 32 ، 37 ، 42 ، 47",4322.0,,BUY,4322.0,4312.0,4327.0,5,5.0,2.5,tp1,be,neutral,skip,3.5,0.5,1.5,188.89,-20.21
2026-09-02T07:44:55+00:00,"22 و 17 خرید
استاپ 12
تی پی 27 ، 32 ، 37 ، 42 ، 47",4317.0,,BUY,4317.0,4312.0,4327.0,5,10.0,5.0,tp1,be,neutral,skip,3.5,0.5,1.5,193.89,-15.21
2026-09-02T09:00:41+00:00,"15 و 20 فروش 
استاپ 25
تی پی 10 ، 5 ، 300 ، 295 ، 90",4315.0,,SELL,4315.0,4325.0,4310.0,5,-10.0,-10.0,sl,sl_full,bearish,skip,5.0,0.5,1.5,13.21,-195.89
2026-09-02T09:00:41+00:00,"15 و 20 فروش 
استاپ 25
تی پی 10 ، 5 ، 300 ، 295 ، 90",4320.0,,SELL,4320.0,4325.0,4310.0,5,-5.0,-5.0,sl,sl_full,bearish,skip,5.0,0.5,1.5,18.21,-190.89
2026-09-02T11:36:16+00:00,"30 و 20 خرید 
استاپ 10
تی پی 40 ، 50 ، 60 ، 70 ، 80",4330.0,,BUY,4330.0,4310.0,4340.0,5,10.0,5.0,tp1,be,neutral,skip,3.5,0.5,1.5,180.89,-8.45
2026-09-02T11:36:16+00:00,"30 و 20 خرید 
استاپ 10
تی پی 40 ، 50 ، 60 ، 70 ، 80",4320.0,,BUY,4320.0,4310.0,4340.0,5,-10.0,-10.0,sl,sl_full,neutral,skip,3.5,0.5,1.5,190.89,-18.21
2026-09-02T13:29:37+00:00,"55 و 45 خرید
استاپ 35
تی پی 65 ، 75 ، 85 ، 95 ، 405",4355.0,,BUY,4355.0,4335.0,4365.0,5,10.0,30.0,tp1,final,bullish,skip,5.0,0.5,1.5,155.89,-7.49
2026-09-02T13:29:37+00:00,"55 و 45 خرید
استاپ 35
تی پی 65 ، 75 ، 85 ، 95 ، 405",4345.0,,BUY,4345.0,4335.0,4365.0,5,20.0,40.0,tp1,final,bullish,skip,5.0,0.5,1.5,165.89,-3.01
2026-09-02T15:04:06+00:00,"81 و 91 فروش
استاپ 401
تی پی 71 ، 61 ، 51 ، 41 ، 31",4381.0,,SELL,4381.0,4401.0,4371.0,5,10.0,5.0,tp1,be,neutral,skip,3.5,0.5,1.5,16.6,-129.89
2026-09-02T15:04:06+00:00,"81 و 91 فروش
استاپ 401
تی پی 71 ، 61 ، 51 ، 41 ، 31",4291.0,,SELL,4291.0,4401.0,4371.0,5,0.0,0.0,no_fill,no_fill,neutral,skip,3.5,0.5,1.5,0.0,0.0
2026-09-03T08:07:05+00:00,"42 و 32 خرید
استاپ 22
تی پی 52 ، 62 ، 72 ، 82 ، 92",4442.0,,BUY,4442.0,4422.0,4452.0,5,-20.0,-20.0,sl,sl_full,bullish,skip,5.0,0.5,1.5,68.89,-76.52
2026-09-03T08:07:05+00:00,"42 و 32 خرید
استاپ 22
تی پی 52 ، 62 ، 72 ، 82 ، 92",4432.0,,BUY,4432.0,4422.0,4452.0,5,-10.0,-10.0,sl,sl_full,bullish,skip,5.0,0.5,1.5,78.89,-66.52
2026-09-03T11:02:31+00:00,"25 و 15 خرید 
استاپ 5
تی پی 35 ، 45 ، 55 ، 65 ، 75",4425.0,,BUY,4425.0,4405.0,4435.0,5,10.0,30.0,tp1,final,neutral,skip,3.5,0.5,1.5,85.89,-59.52
2026-09-03T11:02:31+00:00,"25 و 15 خرید 
استاپ 5
تی پی 35 ، 45 ، 55 ، 65 ، 75",4415.0,,BUY,4415.0,4405.0,4435.0,5,-10.0,-10.0,sl,sl_full,neutral,skip,3.5,0.5,1.5,58.49,-49.52
2026-09-03T12:35:41+00:00,"60 و 50 خرید 
استاپ 40
تی پی 70 ، 80 ، 90 ، 500 ، 10",4360.0,,BUY,4360.0,4340.0,4370.0,5,0.0,0.0,no_fill,no_fill,bullish,skip,5.0,0.5,2.5,0.0,0.0
2026-09-03T12:35:41+00:00,"60 و 50 خرید 
استاپ 40
تی پی 70 ، 80 ، 90 ، 500 ، 10",4350.0,,BUY,4350.0,4340.0,4370.0,5,0.0,0.0,no_fill,no_fill,bullish,skip,5.0,0.5,2.5,0.0,0.0
2026-09-03T14:19:51+00:00,"76 و 66 خرید 
استاپ 56
تی پی 86 ، 96 ، 506 ، 16 ، 26",4376.0,,BUY,4376.0,4356.0,4386.0,5,10.0,5.0,tp1,be,bullish,skip,5.0,0.5,2.5,73.35,-10.52
2026-09-03T14:19:51+00:00,"76 و 66 خرید 
استاپ 56
تی پی 86 ، 96 ، 506 ، 16 ، 26",4366.0,,BUY,4366.0,4356.0,4386.0,5,20.0,10.0,tp1,be,bullish,skip,5.0,0.5,2.5,83.35,-0.52
2026-09-04T07:52:35+00:00,"82 و 72 خرید
استاپ 62
تی پی 92 ، 502 ، 12 ، 22 ، 32",4482.0,,BUY,4482.0,4462.0,4492.0,5,-20.0,-20.0,sl,sl_full,bullish,skip,5.0,0.5,1.5,8.81,-116.52
2026-09-04T07:52:35+00:00,"82 و 72 خرید
استاپ 62
تی پی 92 ، 502 ، 12 ، 22 ، 32",4472.0,,BUY,4472.0,4462.0,4492.0,5,-10.0,-10.0,sl,sl_full,bullish,skip,5.0,0.5,1.5,18.81,-106.52
2026-09-04T11:38:26+00:00,"67 و 57 خرید 
استاپ 47
تی پی 77 ، 87 ، 97 ، 507 ، 17",4467.0,,BUY,4467.0,4447.0,4477.0,5,-20.0,-20.0,sl,sl_full,bearish,skip,2.0,0.5,1.5,9.46,-101.52
2026-09-04T11:38:26+00:00,"67 و 57 خرید 
استاپ 47
تی پی 77 ، 87 ، 97 ، 507 ، 17",4457.0,,BUY,4457.0,4447.0,4477.0,5,-10.0,-10.0,sl,sl_full,bearish,skip,2.0,0.5,1.5,16.49,-91.52
2026-09-04T13:12:19+00:00,"390 و 400 فروش
استاپ 410
تی پی 380 ، 70 ، 60 ، 50 ، 40",4390.0,,SELL,4390.0,4410.0,4380.0,5,-20.0,-20.0,sl,sl_full,bearish,skip,5.0,0.5,1.5,24.52,-83.49
2026-09-04T13:12:19+00:00,"390 و 400 فروش
استاپ 410
تی پی 380 ، 70 ، 60 ، 50 ، 40",4400.0,,SELL,4400.0,4410.0,4380.0,5,-10.0,-10.0,sl,sl_full,bearish,skip,5.0,0.5,1.5,34.52,-73.49
2026-09-04T13:25:05+00:00,"403 و 393 خرید
استاپ 383
تی پی 413 ، 23 ، 33 ، 43 ، 53",4403.0,,BUY,4403.0,4383.0,4413.0,5,-20.0,-20.0,sl,sl_full,neutral,skip,3.5,0.5,1.5,70.49,-37.52
2026-09-04T13:25:05+00:00,"403 و 393 خرید
استاپ 383
تی پی 413 ، 23 ، 33 ، 43 ، 53",4393.0,,BUY,4393.0,4383.0,4413.0,5,-10.0,-10.0,sl,sl_full,neutral,skip,3.5,0.5,1.5,80.49,-27.52
2026-09-04T13:45:17+00:00,"24 و 14 خرید
استاپ 4
تی پی 34 ، 44 ، 54 ، 64 ، 74",4424.0,,BUY,4424.0,4404.0,4434.0,5,-20.0,-20.0,sl,sl_full,bullish,skip,5.0,0.5,1.5,49.49,-58.52
2026-09-04T13:45:17+00:00,"24 و 14 خرید
استاپ 4
تی پی 34 ، 44 ، 54 ، 64 ، 74",4514.0,,BUY,4514.0,4404.0,4434.0,5,0.0,0.0,no_fill,no_fill,bullish,skip,5.0,0.5,1.5,0.0,0.0
2026-09-04T14:14:46+00:00,"34 و 24 خرید 
استاپ 14
تی پی 44 ، 54 ، 64 ، 74 ، 84",4434.0,,BUY,4434.0,4414.0,4444.0,5,-20.0,-20.0,sl,sl_full,neutral,skip,3.5,0.5,1.5,39.49,-68.52
2026-09-04T14:14:46+00:00,"34 و 24 خرید 
استاپ 14
تی پی 44 ، 54 ، 64 ، 74 ، 84",4424.0,,BUY,4424.0,4414.0,4444.0,5,-10.0,-10.0,sl,sl_full,neutral,skip,3.5,0.5,1.5,49.49,-58.52
2026-09-04T15:16:24+00:00,"42 و 32 خرید 
استاپ 22
تی پی 52 ، 62 ، 72 ، 82 ، 92",4442.0,,BUY,4442.0,4422.0,4452.0,5,-20.0,-20.0,sl,sl_full,bullish,skip,5.0,0.5,1.5,31.49,-76.52
2026-09-04T15:16:24+00:00,"42 و 32 خرید 
استاپ 22
تی پی 52 ، 62 ، 72 ، 82 ، 92",4432.0,,BUY,4432.0,4422.0,4452.0,5,-10.0,-10.0,sl,sl_full,bullish,skip,5.0,0.5,1.5,41.49,-66.52
